ts_code,trade_date,open,high,low,close,vol,amount,pct_chg,ma_short,ma_long,signal,trade,position,market_return,strategy_return,strategy_nav,buy_hold_nav,drawdown
600276.SH,2025-07-04,52.61,53.79,52.6,53.26,477923.12,2548289.616,1.5056,,,0,0.0,0.0,0.0,0.0,1.0,1.0,0.0
600276.SH,2025-07-07,53.38,53.59,52.56,52.65,286387.94,1516132.786,-1.1453,,,0,0.0,0.0,-0.011453248216297451,-0.0,1.0,0.9885467517837025,0.0
600276.SH,2025-07-08,52.69,53.69,52.5,53.4,359263.15,1916547.623,1.4245,,,0,0.0,0.0,0.014245014245014342,0.0,1.0,1.002628614344724,0.0
600276.SH,2025-07-09,53.4,57.94,53.02,57.19,1158211.69,6507788.433,7.0974,,,0,0.0,0.0,0.07097378277153554,0.0,1.0,1.073788959819752,0.0
600276.SH,2025-07-10,57.13,58.28,56.61,57.6,903715.7,5204345.946,0.7169,54.82000000000001,,0,0.0,0.0,0.0071690855044588275,0.0,1.0,1.0814870446864437,0.0
600276.SH,2025-07-11,57.51,58.12,56.88,56.9,658631.71,3779524.292,-1.2153,55.548,,0,0.0,0.0,-0.01215277777777779,-0.0,1.0,1.0683439729628237,0.0
600276.SH,2025-07-14,56.75,58.05,56.56,57.21,473758.36,2714468.293,0.5448,56.46,,0,0.0,0.0,0.005448154657293536,0.0,1.0,1.0741644761547127,0.0
600276.SH,2025-07-15,57.25,57.53,56.52,57.22,436928.47,2491977.102,0.0175,57.224000000000004,,0,0.0,0.0,0.00017479461632574633,0.0,1.0,1.074352234322193,0.0
600276.SH,2025-07-16,57.65,58.9,57.04,57.22,398191.2,2293530.537,0.0,57.23,,0,0.0,0.0,0.0,0.0,1.0,1.074352234322193,0.0
600276.SH,2025-07-17,56.9,57.9,56.84,57.73,444146.28,2553187.389,0.8913,57.25599999999999,,0,0.0,0.0,0.008912967493883261,0.0,1.0,1.0839279008636875,0.0
600276.SH,2025-07-18,58.21,59.86,57.9,58.76,660985.65,3881474.081,1.7842,57.628,,0,0.0,0.0,0.017841676771176207,0.0,1.0,1.103266992114157,0.0
600276.SH,2025-07-21,58.5,58.8,57.68,58.0,509441.85,2960736.582,-1.2934,57.786,,0,0.0,0.0,-0.012933968686181019,-0.0,1.0,1.0889973713856553,0.0
600276.SH,2025-07-22,58.0,58.85,57.2,57.41,475570.25,2753253.571,-1.0172,57.824,,0,0.0,0.0,-0.010172413793103519,-0.0,1.0,1.0779196395043185,0.0
600276.SH,2025-07-23,57.2,58.08,56.87,57.13,425295.11,2440208.239,-0.4877,57.806000000000004,,0,0.0,0.0,-0.004877199094234341,-0.0,1.0,1.0726624108148706,0.0
600276.SH,2025-07-24,57.44,57.98,56.95,57.5,465834.15,2670846.698,0.6476,57.760000000000005,56.611999999999995,1,1.0,0.0,0.0064764572028706,0.0,1.0,1.079609463011641,0.0
600276.SH,2025-07-25,57.5,57.55,56.35,56.4,505394.23,2873987.055,-1.913,57.288,56.82133333333333,1,0.0,1.0,-0.019130434782608674,-0.020130434782608675,0.9798695652173913,1.0589560645888096,-0.020130434782608675
600276.SH,2025-07-28,60.1,62.04,59.66,62.04,1630095.95,9943549.097,10.0,58.096000000000004,57.44733333333333,1,0.0,1.0,0.10000000000000009,0.10000000000000009,1.0778565217391305,1.1648516710476906,0.0
600276.SH,2025-07-29,63.0,65.43,62.13,63.8,1682768.89,10731327.179,2.8369,59.374,58.14066666666667,1,0.0,1.0,0.028368794326241176,0.028368794326241176,1.1084340117175455,1.197897108524221,0.0
600276.SH,2025-07-30,63.81,64.73,62.65,63.59,980849.33,6247901.661,-0.3292,60.666,58.56733333333333,1,0.0,1.0,-0.0032915360501566404,-0.0032915360501566404,1.1047855612087574,1.193954187007135,-0.0032915360501567514
600276.SH,2025-07-31,63.4,64.25,62.5,62.9,742038.75,4690208.201,-1.0851,61.746,58.92066666666666,1,0.0,1.0,-0.010850762698537575,-0.010850762698537575,1.0927977952513104,1.1809988734509953,-0.014106583072100443
600276.SH,2025-08-01,62.83,63.58,60.76,61.31,734654.64,4545894.531,-2.5278,62.727999999999994,59.214666666666666,1,0.0,1.0,-0.025278219395866386,-0.025278219395866386,1.0651738128276287,1.15114532482163,-0.03902821316614424
600276.SH,2025-08-04,60.6,62.05,60.0,62.0,689613.49,4217834.709,1.1254,62.720000000000006,59.534,1,0.0,1.0,0.011254281520143516,0.011254281520143516,1.0771615787850755,1.1641006383777697,-0.028213166144200774
600276.SH,2025-08-05,62.11,62.46,61.56,62.3,541443.18,3356911.222,0.4839,62.42,59.87266666666667,1,0.0,1.0,0.004838709677419395,0.004838709677419395,1.082373650940487,1.1697333834021784,-0.023510971786834034
600276.SH,2025-08-06,62.19,62.55,61.38,61.58,572478.61,3539622.159,-1.1557,62.017999999999994,60.163333333333334,1,0.0,1.0,-0.011556982343499222,-0.011556982343499222,1.0698646777674992,1.1562147953435977,-0.034796238244514166
600276.SH,2025-08-07,61.25,62.1,60.7,60.81,504763.97,3088025.792,-1.2504,61.6,60.36866666666666,1,0.0,1.0,-0.012504059759662178,-0.012504059759662178,1.0564870259019425,1.1417574164476159,-0.046865203761755625
600276.SH,2025-08-08,60.7,61.13,60.0,60.99,362970.73,2203721.883,0.296,61.536,60.51733333333333,1,0.0,1.0,0.002960039467192921,0.002960039467192921,1.0596142691951895,1.145137063462261,-0.044043887147335536
600276.SH,2025-08-11,60.99,61.42,60.68,61.07,425752.38,2600063.209,0.1312,61.35,60.722,1,0.0,1.0,0.001311690441055946,0.001311690441055946,1.0610041551032994,1.1466391288021034,-0.04278996865203766
600276.SH,2025-08-12,61.32,61.45,60.26,60.85,391834.75,2380971.082,-0.3602,61.06,60.95133333333333,1,0.0,1.0,-0.0036024234485017015,-0.0036024234485017015,1.0571819688559976,1.1425084491175372,-0.04623824451410663
600276.SH,2025-08-13,60.85,63.51,60.85,62.61,815296.32,5079201.588,2.8924,61.266000000000005,61.31666666666667,0,-1.0,1.0,0.02892358258011507,0.02892358258011507,1.0877594588344126,1.1755538865940676,-0.01865203761755485
600276.SH,2025-08-14,62.85,63.6,62.36,62.82,571266.47,3597162.01,0.3354,61.668000000000006,61.67133333333334,0,0.0,0.0,0.0033540967896501517,-0.001,1.0866716993755783,1.1794968081111534,-0.019633385579937213
600276.SH,2025-08-15,62.64,64.27,62.46,63.4,614932.54,3908038.788,0.9233,62.15,62.138000000000005,1,1.0,0.0,0.009232728430436099,0.0,1.0866716993755783,1.19038678182501,-0.019633385579937213
600276.SH,2025-08-18,63.4,63.95,62.81,63.08,728857.56,4616557.07,-0.5047,62.552,62.20733333333333,1,0.0,1.0,-0.0050473186119873725,-0.0060473186119873725,1.0801002493828245,1.184378520465641,-0.025561974853890668
600276.SH,2025-08-19,63.4,65.4,61.63,61.69,997700.49,6322095.612,-2.2036,62.71999999999999,62.06666666666667,1,0.0,1.0,-0.022035510462904306,-0.022035510462904306,1.0562996890365637,1.1582801351858811,-0.04703421415244957
600276.SH,2025-08-20,61.66,62.97,61.11,62.85,650424.42,4025484.233,1.8804,62.76800000000001,62.01733333333333,1,0.0,1.0,0.018803695898849115,0.018803695898849115,1.076162027167256,1.1800600826135943,-0.02911493531336451
600276.SH,2025-08-21,63.98,65.33,62.95,63.99,858629.23,5507421.603,1.8138,63.001999999999995,62.09,1,0.0,1.0,0.018138424821002364,0.018138424821002364,1.095681911192247,1.2014645137063469,-0.011504609557711931
600276.SH,2025-08-22,64.71,65.2,63.83,64.98,637718.91,4115097.233,1.5471,63.318000000000005,62.334666666666664,1,0.0,1.0,0.015471167369901506,0.015471167369901506,1.1126333894244758,1.2200525722868951,0.0
600276.SH,2025-08-25,64.98,66.4,64.37,66.26,849233.81,5551997.681,1.9698,63.95399999999999,62.61866666666666,1,0.0,1.0,0.019698368728839677,0.019698368728839677,1.1345504521893777,1.2440856177243718,0.0
600276.SH,2025-08-26,66.2,66.2,65.0,65.3,575129.37,3761929.156,-1.4488,64.676,62.818666666666665,1,0.0,1.0,-0.014488379112586935,-0.014488379112586935,1.118112655115701,1.2260608336462642,-0.014488379112586935
600276.SH,2025-08-27,65.01,65.71,63.04,63.05,836169.34,5375767.159,-3.4456,64.716,62.916666666666664,1,0.0,1.0,-0.034456355283307816,-0.034456355283307816,1.0795865682242718,1.1838152459631999,-0.04844551765771221
600276.SH,2025-08-28,62.95,63.22,61.41,63.03,715901.54,4469129.644,-0.0317,64.524,63.06466666666667,1,0.0,1.0,-0.0003172085646311329,-0.0003172085646311329,1.0792441141185702,1.1834397296282395,-0.048747358889224435
600276.SH,2025-08-29,63.03,66.87,63.03,66.23,1023186.07,6677635.302,5.0769,64.774,63.414,1,0.0,1.0,0.05076947485324457,0.05076947485324457,1.1340367710308252,1.243522343221931,-0.0004527618472683903
600276.SH,2025-09-01,66.4,68.88,65.92,68.35,872180.89,5917826.674,3.201,65.19200000000001,63.89933333333333,1,0.0,1.0,0.03200966329457944,0.03200966329457944,1.170336906235194,1.2833270747277514,0.0
600276.SH,2025-09-02,69.8,70.77,67.8,68.87,1084489.69,7512721.689,0.7608,65.90599999999999,64.434,1,0.0,1.0,0.007607900512070387,0.007607900512070387,1.1792407129834357,1.2930904994367265,0.0
600276.SH,2025-09-03,68.8,73.42,68.8,71.98,1129369.01,8078844.874,4.5158,67.692,65.05866666666667,1,0.0,1.0,0.04515754319732834,0.04515754319732834,1.2324923264200334,1.3514832895230953,0.0
600276.SH,2025-09-04,71.27,71.58,67.5,68.65,1102894.06,7625423.229,-4.6263,68.816,65.44733333333333,1,0.0,1.0,-0.046262850791886634,-0.046262850791886634,1.1754737178207182,1.2889598197521601,-0.046262850791886634
600276.SH,2025-09-05,69.0,72.98,69.0,72.47,936478.56,6663122.815,5.5645,70.064,66.05199999999999,1,0.0,1.0,0.055644573925710095,0.055644573925710095,1.2408824520097224,1.3606834397296292,0.0
600276.SH,2025-09-08,73.0,73.87,71.64,72.31,748209.28,5423039.921,-0.2208,70.85600000000001,66.66733333333333,1,0.0,1.0,-0.0022078101283289353,-0.0022078101283289353,1.2381428191641097,1.3576793090499446,-0.0022078101283288243
600276.SH,2025-09-09,72.17,74.04,70.48,71.09,767670.09,5517534.684,-1.6872,71.3,67.29400000000001,1,0.0,1.0,-0.01687180196376714,-0.01687180196376714,1.2172531187163125,1.3347728126173497,-0.019042362356837317
600276.SH,2025-09-10,70.84,71.77,70.08,70.32,468204.13,3306783.039,-1.0831,70.968,67.792,1,0.0,1.0,-0.010831340554227187,-0.010831340554227187,1.2040686356468009,1.3203154337213676,-0.02966744859942061
600276.SH,2025-09-11,66.58,68.47,64.0,68.29,1942359.37,12928573.364,-2.8868,70.896,68.07866666666668,1,0.0,1.0,-0.028868031854379805,-0.028868031854379805,1.1693095439180894,1.28220052572287,-0.05767903960259424
600276.SH,2025-09-12,68.28,69.51,67.86,69.01,831215.21,5710845.365,1.0543,70.20400000000001,68.34733333333334,1,0.0,1.0,0.01054327134280264,0.01054327134280264,1.1816378917233465,1.2957191137814503,-0.04774389402511403
600276.SH,2025-09-15,68.85,69.69,68.26,69.1,611881.53,4225790.379,0.1304,69.562,68.53666666666666,1,0.0,1.0,0.0013041588175624064,0.0013041588175624064,1.1831789351990034,1.2974089372887725,-0.04650200082792921
600276.SH,2025-09-16,69.1,69.34,68.34,69.15,434582.05,2991348.434,0.0724,69.174,68.79333333333334,1,0.0,1.0,0.0007235890014474222,0.0007235890014474222,1.1840350704632576,1.2983477281261742,-0.04581206016282624
600276.SH,2025-09-17,69.3,70.8,69.3,70.13,586033.71,4103135.889,1.4172,69.136,69.26533333333333,0,-1.0,1.0,0.014172089660158926,0.014172089660158926,1.2008153216426356,1.3167480285392419,-0.03228922312681137
600276.SH,2025-09-18,70.56,73.12,69.9,71.09,865638.88,6173830.34,1.3689,69.696,69.80266666666667,0,0.0,0.0,0.013688863539141671,-0.001,1.1996145063209929,1.3347728126173495,-0.03325693390368467
600276.SH,2025-09-19,71.1,71.24,69.49,69.65,524392.42,3681125.692,-2.0256,69.824,70.03066666666668,0,0.0,0.0,-0.020256013504008963,-0.0,1.1996145063209929,1.3077356365001884,-0.03325693390368467
600276.SH,2025-09-22,70.49,72.7,70.4,71.05,576542.43,4118513.261,2.0101,70.21400000000001,70.21066666666667,1,1.0,0.0,0.02010050251256268,0.0,1.1996145063209929,1.3340217799474283,-0.03325693390368467
600276.SH,2025-09-23,71.0,71.19,68.5,69.7,561329.57,3909219.697,-1.9001,70.324,70.266,1,0.0,1.0,-0.0190007037297677,-0.0200007037297677,1.1756213719901352,1.3086744273375899,-0.052592475551484275
600276.SH,2025-09-24,69.7,70.38,69.3,70.11,395302.11,2763214.641,0.5882,70.32000000000001,70.14133333333334,1,0.0,1.0,0.00588235294117645,0.00588235294117645,1.1825367918253713,1.3163725122042815,-0.047019490113551776
600276.SH,2025-09-25,72.4,73.08,71.55,72.27,739039.18,5347121.399,3.0809,70.55600000000001,70.38266666666667,1,0.0,1.0,0.03080872913992283,0.03080872913992283,1.2189692475427125,1.356928276380023,-0.01765937170883458
600276.SH,2025-09-26,70.8,71.37,69.23,70.08,699044.85,4900954.441,-3.0303,70.642,70.22333333333334,1,0.0,1.0,-0.030303030303030276,-0.030303030303030276,1.1820307854959637,1.3158092377018404,-0.047427269535839534
600276.SH,2025-09-29,69.79,69.79,67.76,69.2,647991.04,4442889.453,-1.2557,70.27199999999999,70.016,1,0.0,1.0,-0.012557077625570678,-0.012557077625570678,1.1671879331666766,1.2992865189635754,-0.059388799256279934
600276.SH,2025-09-30,69.0,71.58,68.8,71.55,579450.78,4079739.679,3.396,70.642,70.04666666666667,1,0.0,1.0,0.03395953757225434,0.03395953757225434,1.2068250956369322,1.3434096883214426,-0.027446077843740313
600276.SH,2025-10-09,71.56,71.66,69.11,71.15,592793.4,4173571.948,-0.559,70.85,70.102,1,0.0,1.0,-0.005590496156533731,-0.005590496156533731,1.2000783445781655,1.3358993616222314,-0.032883136807576596
600276.SH,2025-10-10,70.38,70.88,67.85,68.2,706100.7,4868800.903,-4.1462,70.036,70.096,0,-1.0,1.0,-0.04146170063246668,-0.04146170063246668,1.1503210555197594,1.280510702215547,-0.07298144666587114
600276.SH,2025-10-13,66.0,68.03,65.7,66.98,532287.09,3555005.478,-1.7889,69.41600000000001,69.96066666666665,0,0.0,0.0,-0.017888563049853312,-0.001,1.1491707344642397,1.2576042057829524,-0.07390846521920524
600276.SH,2025-10-14,67.61,67.66,63.7,64.27,702946.63,4593967.583,-4.046,68.43,69.63866666666668,0,0.0,0.0,-0.04045983875783832,-0.0,1.1491707344642397,1.2067217423957948,-0.07390846521920524
600276.SH,2025-10-15,64.2,66.42,63.68,66.4,511231.63,3335928.393,3.3141,67.4,69.45533333333333,0,0.0,0.0,0.033141434572895756,0.0,1.1491707344642397,1.2467142320690958,-0.07390846521920524
600276.SH,2025-10-16,66.43,68.5,65.72,66.84,460377.57,3096812.048,0.6627,66.53800000000001,69.236,0,0.0,0.0,0.0066265060240964235,0.0,1.1491707344642397,1.2549755914382283,-0.07390846521920524
600276.SH,2025-10-17,66.85,67.4,65.0,65.1,349507.34,2298728.245,-2.6032,65.91799999999999,68.83666666666666,0,0.0,0.0,-0.026032315978456122,-0.0,1.1491707344642397,1.2223056702966586,-0.07390846521920524
600276.SH,2025-10-20,65.99,66.51,64.83,65.13,326716.94,2146357.392,0.0461,65.548,68.53533333333333,0,0.0,0.0,0.00046082949308767773,0.0,1.1491707344642397,1.2228689447990997,-0.07390846521920524
600276.SH,2025-10-21,65.5,66.58,65.14,66.0,369560.31,2436269.459,1.3358,65.89399999999999,68.19866666666667,0,0.0,0.0,0.013357899585444644,0.0,1.1491707344642397,1.2392039053698847,-0.07390846521920524
600276.SH,2025-10-22,66.25,66.79,65.01,65.26,398048.08,2610971.756,-1.1212,65.66600000000001,67.90266666666666,0,0.0,0.0,-0.011212121212121118,-0.0,1.1491707344642397,1.2253098009763437,-0.07390846521920524
600276.SH,2025-10-23,65.01,65.43,64.02,65.14,342785.26,2219041.425,-0.1839,65.326,67.57133333333334,0,0.0,0.0,-0.0018387986515476795,-0.0,1.1491707344642397,1.2230567029665802,-0.07390846521920524
600276.SH,2025-10-24,65.26,66.36,65.01,65.5,372752.77,2441099.938,0.5527,65.406,67.11999999999999,0,0.0,0.0,0.005526558182376462,0.0,1.1491707344642397,1.2298159969958706,-0.07390846521920524
600276.SH,2025-10-27,66.55,67.85,66.51,67.01,508924.92,3413538.793,2.3053,65.78200000000001,66.91533333333334,0,0.0,0.0,0.023053435114503973,0.0,1.1491707344642397,1.258167480285394,-0.07390846521920524
600276.SH,2025-10-28,65.22,65.46,63.5,63.62,1082089.99,6923383.033,-5.0589,65.30600000000001,66.54333333333334,0,0.0,0.0,-0.050589464259065964,-0.0,1.1491707344642397,1.1945174615095768,-0.07390846521920524
600276.SH,2025-10-29,63.6,64.48,62.71,64.02,562174.55,3577122.185,0.6287,65.05799999999999,66.04133333333333,0,0.0,0.0,0.0062873310279785155,0.0,1.1491707344642397,1.2020277882087882,-0.07390846521920524
600276.SH,2025-10-30,64.02,64.02,62.87,62.88,608740.0,3856500.507,-1.7807,64.606,65.49,0,0.0,0.0,-0.017806935332708385,-0.0,1.1491707344642397,1.1806233571160358,-0.07390846521920524
600276.SH,2025-10-31,63.36,65.49,63.2,64.15,837063.9,5386074.734,2.0197,64.33599999999998,65.22,0,0.0,0.0,0.02019720101781175,0.0,1.1491707344642397,1.2044686443860322,-0.07390846521920524
600276.SH,2025-11-03,64.96,64.99,62.82,63.4,460305.61,2924454.178,-1.1691,63.614,64.98133333333334,0,0.0,0.0,-0.011691348402182444,-0.0,1.1491707344642397,1.1903867818250107,-0.07390846521920524
600276.SH,2025-11-04,63.42,63.45,61.55,61.92,515609.66,3215841.267,-2.3344,63.274,64.82466666666667,0,0.0,0.0,-0.023343848580441584,-0.0,1.1491707344642397,1.1625985730379285,-0.07390846521920524
600276.SH,2025-11-05,61.3,62.49,61.22,61.96,334380.78,2074291.419,0.0646,62.862,64.52866666666667,0,0.0,0.0,0.0006459948320414188,0.0,1.1491707344642397,1.1633496057078496,-0.07390846521920524
600276.SH,2025-11-06,61.95,62.5,61.47,62.42,252523.95,1567372.106,0.7424,62.77,64.234,0,0.0,0.0,0.00742414460942542,0.0,1.1491707344642397,1.1719864814119427,-0.07390846521920524
600276.SH,2025-11-07,62.0,62.49,61.5,61.58,270654.28,1670988.958,-1.3457,62.25599999999999,63.99933333333333,0,0.0,0.0,-0.013457225248317939,-0.0,1.1491707344642397,1.1562147953435986,-0.07390846521920524
600276.SH,2025-11-10,61.57,61.93,60.96,61.83,396248.3,2431973.885,0.406,61.94199999999999,63.77933333333333,0,0.0,0.0,0.004059759662228046,0.0,1.1491707344642397,1.1609087495306059,-0.07390846521920524
600276.SH,2025-11-11,61.95,62.2,61.0,61.06,275159.98,1687561.58,-1.2454,61.77,63.45,0,0.0,0.0,-0.012453501536470957,-0.0,1.1491707344642397,1.1464513706346238,-0.07390846521920524
600276.SH,2025-11-12,61.09,62.86,61.09,62.1,514267.76,3203516.791,1.7032,61.798,63.239333333333335,0,0.0,0.0,0.017032427120864613,0.0,1.1491707344642397,1.1659782200525732,-0.07390846521920524
600276.SH,2025-11-13,62.69,63.79,62.23,63.56,508318.37,3211808.939,2.351,62.025999999999996,63.134,0,0.0,0.0,0.02351046698872783,0.0,1.1491707344642397,1.1933909125046949,-0.07390846521920524
600276.SH,2025-11-14,63.45,63.9,62.76,62.9,319504.14,2021555.066,-1.0384,62.29,62.96066666666666,0,0.0,0.0,-0.010383889238514854,-0.0,1.1491707344642397,1.180998873450996,-0.07390846521920524
600276.SH,2025-11-17,62.89,63.05,61.41,61.8,315384.52,1952561.578,-1.7488,62.284000000000006,62.61333333333334,0,0.0,0.0,-0.01748807631160576,-0.0,1.1491707344642397,1.1603454750281645,-0.07390846521920524
600276.SH,2025-11-18,61.61,62.85,61.52,61.78,219100.59,1359324.791,-0.0324,62.428,62.49066666666667,0,0.0,0.0,-0.0003236245954691963,-0.0,1.1491707344642397,1.159969958693204,-0.07390846521920524
600276.SH,2025-11-19,61.5,61.78,61.02,61.11,211162.42,1295307.075,-1.0845,62.23,62.29666666666667,0,0.0,0.0,-0.01084493363548078,-0.0,1.1491707344642397,1.1473901614720248,-0.07390846521920524
600276.SH,2025-11-20,61.23,61.65,60.54,60.63,253480.06,1544020.77,-0.7855,61.64399999999999,62.14666666666667,0,0.0,0.0,-0.007854688267059373,-0.0,1.1491707344642397,1.138377769432971,-0.07390846521920524
600276.SH,2025-11-21,60.33,61.1,59.31,59.5,447335.34,2679336.097,-1.8638,60.964,61.836666666666666,0,0.0,0.0,-0.018637638132937506,-0.0,1.1491707344642397,1.1171610965076988,-0.07390846521920524
600276.SH,2025-11-24,60.04,61.1,59.96,60.66,343973.24,2083464.658,1.9496,60.736000000000004,61.653999999999996,0,0.0,0.0,0.019495798319327573,0.0,1.1491707344642397,1.1389410439354117,-0.07390846521920524
600276.SH,2025-11-25,61.1,61.61,60.53,60.88,265045.13,1620797.704,0.3627,60.556,61.584666666666664,0,0.0,0.0,0.0036267721727663016,0.0,1.1491707344642397,1.143071723619978,-0.07390846521920524
600276.SH,2025-11-26,61.5,62.8,61.03,62.36,439861.95,2739532.775,2.431,60.806,61.61133333333333,0,0.0,0.0,0.02431011826544016,0.0,1.1491707344642397,1.1708599324070603,-0.07390846521920524
600276.SH,2025-11-27,62.6,62.96,61.94,62.09,257307.63,1604386.052,-0.433,61.098,61.589333333333336,0,0.0,0.0,-0.004329698524695225,-0.0,1.1491707344642397,1.1657904618850927,-0.07390846521920524
600276.SH,2025-11-28,62.36,62.36,61.61,62.08,202776.19,1257510.631,-0.0161,61.614,61.62266666666666,0,0.0,0.0,-0.00016105653084241833,-0.0,1.1491707344642397,1.1656027037176124,-0.07390846521920524
600276.SH,2025-12-01,62.08,62.09,61.06,61.94,254830.95,1567868.103,-0.2255,61.870000000000005,61.63,1,1.0,0.0,-0.0022551546391752497,-0.0,1.1491707344642397,1.1629740893728884,-0.07390846521920524
600276.SH,2025-12-02,61.9,61.9,61.0,61.12,182306.14,1115986.037,-1.3239,61.91799999999999,61.634,1,0.0,1.0,-0.013238618017436199,-0.0142386180174362,1.1328081313393867,1.147577919639505,-0.08709472883213021
600276.SH,2025-12-03,61.1,61.55,60.7,60.97,198529.76,1211357.997,-0.2454,61.64,61.55866666666667,1,0.0,1.0,-0.0024541884816753345,-0.0024541884816753345,1.1300280066715054,1.144761547127301,-0.08933517043349115
600276.SH,2025-12-04,61.01,61.49,60.97,61.25,180407.66,1103403.553,0.4592,61.472,61.40466666666667,1,0.0,1.0,0.004592422502870175,0.004592422502870175,1.1352175727182172,1.1500187758167488,-0.08515301277761744
600276.SH,2025-12-05,61.19,61.79,60.7,61.62,231176.15,1418750.952,0.6041,61.379999999999995,61.31933333333334,1,0.0,1.0,0.00604081632653064,0.00604081632653064,1.142075213565658,1.1569658280135193,-0.07962659016092699
600276.SH,2025-12-08,62.6,63.55,61.92,62.46,508617.59,3186857.202,1.3632,61.484,61.36333333333333,1,0.0,1.0,0.01363193768257065,0.01363193768257065,1.1576439117057935,1.1727375140818634,-0.06708011719330587
600276.SH,2025-12-09,62.32,64.15,62.3,63.08,493593.39,3131342.824,0.9926,61.876,61.45,1,0.0,1.0,0.009926352865833987,0.009926352865833987,1.1691350936663696,1.184378520465641,-0.05781962524101403
600276.SH,2025-12-10,63.15,63.56,62.27,63.38,288959.61,1820981.675,0.4756,62.35799999999999,61.60133333333333,1,0.0,1.0,0.004755865567533268,0.004755865567533268,1.1746953430021323,1.1900112654900494,-0.05333874203829214
600276.SH,2025-12-11,63.56,63.94,63.11,63.4,247061.27,1569053.154,0.0316,62.788,61.785999999999994,1,0.0,1.0,0.00031555695803087147,0.00031555695803087147,1.1750660262911832,1.19038678182501,-0.053040016491444075
600276.SH,2025-12-12,63.28,63.28,62.26,63.28,315629.26,1984535.365,-0.1893,63.11999999999999,62.038,1,0.0,1.0,-0.0018927444794952786,-0.0018927444794952786,1.1728419265568781,1.1881336838152465,-0.05483236977253281
600276.SH,2025-12-15,62.68,62.68,61.38,61.38,290072.2,1796682.727,-3.0025,62.903999999999996,62.086,1,0.0,1.0,-0.03002528445006314,-0.03002528445006314,1.137627014097048,1.1524596319939924,-0.08321129672310446
600276.SH,2025-12-16,61.38,61.49,58.68,59.15,523784.86,3112549.391,-3.6331,62.117999999999995,61.97066666666667,1,0.0,1.0,-0.036331052460084834,-0.036331052460084834,1.0962958273678785,1.1105895606458887,-0.11651919519667042
600276.SH,2025-12-17,59.35,60.8,59.01,60.3,330417.82,1980882.81,1.9442,61.501999999999995,61.833333333333336,0,-1.0,1.0,0.019442096365173356,0.019442096365173356,1.117610116488302,1.1321817499061215,-0.09934247625290327
600276.SH,2025-12-18,60.05,60.57,59.95,60.0,179309.29,1078752.36,-0.4975,60.822,61.693999999999996,0,0.0,0.0,-0.00497512437810943,-0.001,1.1164925063718139,1.126549004881713,-0.1002431337766504
600276.SH,2025-12-19,60.07,61.38,59.91,60.85,288358.42,1753822.164,1.4167,60.336,61.611999999999995,0,0.0,0.0,0.01416666666666666,0.0,1.1164925063718139,1.1425084491175372,-0.1002431337766504
600276.SH,2025-12-22,60.81,61.5,60.33,60.93,236709.24,1444845.737,0.1315,60.246,61.544666666666664,0,0.0,0.0,0.001314708299096079,0.0,1.1164925063718139,1.1440105144573796,-0.1002431337766504
600276.SH,2025-12-23,60.85,62.56,60.84,61.8,329190.95,2037549.674,1.4279,60.775999999999996,61.59,0,0.0,0.0,0.014278680452978865,0.0,1.1164925063718139,1.1603454750281645,-0.1002431337766504
600276.SH,2025-12-24,61.67,62.0,61.08,61.23,250502.06,1539580.672,-0.9223,60.962,61.60733333333333,0,0.0,0.0,-0.00922330097087376,-0.0,1.1164925063718139,1.1496432594817882,-0.1002431337766504
600276.SH,2025-12-25,61.22,61.66,61.03,61.4,155181.75,952122.26,0.2776,61.242,61.617333333333335,0,0.0,0.0,0.0027764167891557445,0.0,1.1164925063718139,1.1528351483289532,-0.1002431337766504
600276.SH,2025-12-26,61.3,61.66,60.6,61.06,214307.81,1311044.16,-0.5537,61.28399999999999,61.58,0,0.0,0.0,-0.005537459283387558,-0.0,1.1164925063718139,1.1464513706346235,-0.1002431337766504
600276.SH,2025-12-29,61.06,61.27,60.41,60.51,285751.62,1737055.879,-0.9008,61.2,61.45,0,0.0,0.0,-0.009007533573534343,-0.0,1.1164925063718139,1.1361246714232076,-0.1002431337766504
600276.SH,2025-12-30,60.4,60.6,59.9,60.18,253304.61,1525944.032,-0.5454,60.876,61.25666666666667,0,0.0,0.0,-0.005453644025780857,-0.0,1.1164925063718139,1.1299286518963583,-0.1002431337766504
600276.SH,2025-12-31,60.16,60.36,59.5,59.57,268278.96,1603948.702,-1.0136,60.544000000000004,61.00266666666666,0,0.0,0.0,-0.010136257892987666,-0.0,1.1164925063718139,1.1184754036800608,-0.1002431337766504
600276.SH,2026-01-05,60.06,63.49,59.99,63.08,851170.28,5316701.689,5.8922,60.879999999999995,60.98133333333333,0,0.0,0.0,0.0589222763135806,0.0,1.1164925063718139,1.184378520465641,-0.1002431337766504
600276.SH,2026-01-06,63.36,63.48,62.4,63.06,463524.57,2919198.722,-0.0317,61.279999999999994,60.96666666666667,1,1.0,0.0,-0.0003170577045021883,-0.0,1.1164925063718139,1.1840030041306804,-0.1002431337766504
600276.SH,2026-01-07,63.01,64.8,63.0,63.85,524651.73,3364332.736,1.2528,61.948,61.13133333333333,1,0.0,1.0,0.0125277513479225,0.011527751347922499,1.129363154367087,1.1988358993616228,-0.08987096034924147
600276.SH,2026-01-08,65.0,65.05,63.03,63.6,447748.54,2854769.456,-0.3915,62.63199999999999,61.428,1,0.0,1.0,-0.003915426781519238,-0.003915426781519238,1.1249412156264171,1.1941419451746156,-0.09343450396572839
600276.SH,2026-01-09,63.58,64.2,62.8,63.78,426357.53,2709908.741,0.283,63.474000000000004,61.66,1,0.0,1.0,0.002830188679245227,0.002830188679245227,1.1281250115196995,1.1975215921892606,-0.09086875256185789
600276.SH,2026-01-12,64.1,64.3,63.21,63.85,428770.19,2735494.019,0.1098,63.62800000000001,61.916666666666664,1,0.0,1.0,0.0010975227343994476,0.0010975227343994476,1.129363154367087,1.1988358993616226,-0.08987096034924147
600276.SH,2026-01-13,64.3,65.83,64.05,64.52,740340.35,4818680.909,1.0493,63.92,62.16133333333333,1,0.0,1.0,0.01049334377447142,0.01049334377447142,1.1412139501920824,1.2114156965828018,-0.08032066345705646
600276.SH,2026-01-14,64.55,65.6,63.2,63.61,629255.34,4049394.399,-1.4104,63.872,62.34,1,0.0,1.0,-0.014104153750774895,-0.014104153750774895,1.125118093176044,1.1943297033420959,-0.09329196222106884
600276.SH,2026-01-15,63.18,63.83,62.7,63.17,467612.36,2956591.609,-0.6917,63.786,62.431333333333335,1,0.0,1.0,-0.006917151391290677,-0.006917151391290677,1.1173354809924652,1.1860683439729633,-0.0995637989860858
600276.SH,2026-01-16,63.35,63.52,61.66,61.94,523786.28,3262750.168,-1.9471,63.418000000000006,62.47866666666666,1,0.0,1.0,-0.019471268006965414,-0.019471268006965414,1.0955795423883692,1.1629740893728882,-0.11709643357920152
600276.SH,2026-01-19,61.8,62.38,60.66,61.12,473890.96,2909640.71,-1.3239,62.872,62.46,1,0.0,1.0,-0.013238618017436199,-0.013238618017436199,1.081075583318972,1.1475779196395048,-0.1287848566412786
600276.SH,2026-01-20,61.13,61.65,60.4,60.5,427754.92,2599009.142,-1.0144,62.068,62.42266666666667,0,-1.0,1.0,-0.010143979057591568,-0.010143979057591568,1.0701091752421108,1.135936913255727,-0.13762244481016606
600276.SH,2026-01-21,60.51,60.88,59.86,60.1,546035.08,3291737.381,-0.6612,61.366,62.39533333333334,0,0.0,0.0,-0.006611570247933907,-0.001,1.0690390660668687,1.1284265865565157,-0.13848482236535586
600276.SH,2026-01-22,60.36,60.36,59.3,59.44,537068.13,3203889.161,-1.0982,60.620000000000005,62.346,0,0.0,0.0,-0.010981697171381088,-0.0,1.0690390660668687,1.1160345475028168,-0.13848482236535586
600276.SH,2026-01-23,59.73,60.27,58.76,58.99,808043.0,4801931.324,-0.7571,60.029999999999994,62.30733333333333,0,0.0,0.0,-0.007570659488559839,-0.0,1.0690390660668687,1.107585429966204,-0.13848482236535586
600276.SH,2026-01-26,58.99,59.16,58.05,58.16,727328.88,4244912.106,-1.407,59.438,61.97933333333333,0,0.0,0.0,-0.014070181386675817,-0.0,1.0690390660668687,1.0920015020653402,-0.13848482236535586
600276.SH,2026-01-27,58.39,58.49,57.14,57.2,637255.48,3659971.231,-1.6506,58.778,61.58866666666667,0,0.0,0.0,-0.016506189821182793,-0.0,1.0690390660668687,1.073976717987233,-0.13848482236535586
600276.SH,2026-01-28,57.44,57.8,56.3,56.55,878750.43,4992876.575,-1.1364,58.068,61.102,0,0.0,0.0,-0.011363636363636465,-0.0,1.0690390660668687,1.0617724371010144,-0.13848482236535586
600276.SH,2026-01-29,56.35,58.37,56.08,58.11,1137824.75,6528912.261,2.7586,57.802,60.736,0,0.0,0.0,0.02758620689655178,0.0,1.0690390660668687,1.091062711227939,-0.13848482236535586
600276.SH,2026-01-30,58.0,59.79,57.76,58.16,852044.89,4988191.673,0.086,57.636,60.36133333333334,0,0.0,0.0,0.0008604371020477508,0.0,1.0690390660668687,1.0920015020653402,-0.13848482236535586
600276.SH,2026-02-02,57.76,58.33,56.31,56.49,609579.98,3482011.262,-2.8714,57.302,59.870666666666665,0,0.0,0.0,-0.028713892709766098,-0.0,1.0690390660668687,1.0606458880961327,-0.13848482236535586
600276.SH,2026-02-03,57.0,57.69,56.5,57.47,498834.53,2850875.66,1.7348,57.355999999999995,59.400666666666666,0,0.0,0.0,0.017348203221809078,0.0,1.0690390660668687,1.0790461885092006,-0.13848482236535586
600276.SH,2026-02-04,57.3,57.7,56.23,57.6,489242.96,2781889.093,0.2262,57.565999999999995,59.0,0,0.0,0.0,0.00226204976509492,0.0,1.0690390660668687,1.0814870446864444,-0.13848482236535586
600276.SH,2026-02-05,57.5,58.47,57.3,58.16,517745.55,3003455.269,0.9722,57.576,58.66599999999999,0,0.0,0.0,0.009722222222222188,0.0,1.0690390660668687,1.0920015020653404,-0.13848482236535586
600276.SH,2026-02-06,57.74,58.15,57.24,57.31,360903.65,2078633.87,-1.4615,57.406000000000006,58.35733333333334,0,0.0,0.0,-0.01461485557083897,-0.0,1.0690390660668687,1.0760420578295162,-0.13848482236535586
600276.SH,2026-02-09,57.75,57.89,57.0,57.45,366116.88,2100347.755,0.2443,57.598,58.11266666666666,0,0.0,0.0,0.002442854650148263,0.0,1.0690390660668687,1.07867067217424,-0.13848482236535586
600276.SH,2026-02-10,57.46,59.04,57.05,58.4,648860.69,3782364.995,1.6536,57.784000000000006,57.97266666666667,0,0.0,0.0,0.016536118363794428,0.0,1.0690390660668687,1.096507698084867,-0.13848482236535586
600276.SH,2026-02-11,58.4,59.95,58.35,58.9,573680.08,3389452.542,0.8562,58.044000000000004,57.89266666666666,1,1.0,0.0,0.008561643835616417,0.0,1.0690390660668687,1.1058956064588812,-0.13848482236535586
600276.SH,2026-02-12,58.6,59.49,58.5,58.74,348689.8,2051201.547,-0.2716,58.160000000000004,57.846000000000004,1,0.0,1.0,-0.0027164685908318553,-0.0037164685908318553,1.065066015955459,1.1028914757791968,-0.14168661646355996
600276.SH,2026-02-13,58.76,59.05,58.13,58.23,343568.1,2009040.552,-0.8682,58.34400000000001,57.79533333333334,1,0.0,1.0,-0.00868232890704812,-0.00868232890704812,1.0558187624972144,1.093315809237702,-0.14913877556474464
600276.SH,2026-02-24,58.31,58.48,57.72,58.01,338981.34,1967937.99,-0.3778,58.455999999999996,57.78533333333334,1,0.0,1.0,-0.0037781212433453115,-0.0037781212433453115,1.0518297512015011,1.0891851295531358,-0.15235343243192223
600276.SH,2026-02-25,57.98,58.2,57.58,57.86,421579.37,2436801.368,-0.2586,58.348,57.82933333333334,1,0.0,1.0,-0.0025857610756765403,-0.0025857610756765403,1.0491099707726057,1.0863687570409317,-0.15454524393227065
600276.SH,2026-02-26,57.86,58.1,56.6,56.72,508987.07,2904851.185,-1.9703,57.912,57.84066666666667,1,0.0,1.0,-0.019702730729346696,-0.019702730729346696,1.0284396395130002,1.0649643259481791,-0.17120301133491866
600276.SH,2026-02-27,56.62,57.27,56.3,56.56,363641.1,2063125.422,-0.2821,57.476,57.73733333333334,0,-1.0,1.0,-0.0028208744710859213,-0.0028208744710859213,1.0255385403888453,1.0619601952684947,-0.17354094360195682
600276.SH,2026-03-02,55.58,56.08,54.2,54.54,742061.95,4067670.783,-3.5714,56.738,57.495999999999995,0,0.0,0.0,-0.03571428571428581,-0.001,1.0245130018484565,1.0240330454374769,-0.17436740265835482
600276.SH,2026-03-03,54.7,55.33,53.45,53.61,601399.1,3257388.812,-1.7052,55.858000000000004,57.304,0,0.0,0.0,-0.017051705170517018,-0.0,1.0245130018484565,1.0065715358618104,-0.17436740265835482
600276.SH,2026-03-04,53.22,53.9,52.67,52.98,471518.2,2502294.687,-1.1752,54.88199999999999,57.00466666666667,0,0.0,0.0,-0.01175153889199776,-0.0,1.0245130018484565,0.9947427713105523,-0.17436740265835482
600276.SH,2026-03-05,53.41,54.84,53.1,53.72,484859.84,2609662.194,1.3968,54.282,56.746,0,0.0,0.0,0.013967534918837288,0.0,1.0245130018484565,1.0086368757040935,-0.17436740265835482
600276.SH,2026-03-06,53.6,55.67,53.4,55.56,629119.3,3465527.848,3.4252,54.081999999999994,56.57266666666667,0,0.0,0.0,0.034251675353685895,0.0,1.0245130018484565,1.0431843785204662,-0.17436740265835482
600276.SH,2026-03-09,54.78,55.18,54.05,54.94,426233.28,2329596.366,-1.1159,54.162,56.41466666666667,0,0.0,0.0,-0.011159107271418334,-0.0,1.0245130018484565,1.0315433721366885,-0.17436740265835482
600276.SH,2026-03-10,55.3,56.75,55.3,56.55,473604.92,2669120.574,2.9305,54.75,56.35466666666667,0,0.0,0.0,0.029304696032034894,0.0,1.0245130018484565,1.0617724371010144,-0.17436740265835482
600276.SH,2026-03-11,56.45,56.55,55.6,55.83,321259.28,1795447.675,-1.2732,55.32000000000001,56.18333333333333,0,0.0,0.0,-0.012732095490716189,-0.0,1.0245130018484565,1.0482538490424338,-0.17436740265835482
600276.SH,2026-03-12,55.8,56.04,55.23,55.3,266691.35,1480023.552,-0.9493,55.636,55.943333333333335,0,0.0,0.0,-0.009493104065914415,-0.0,1.0245130018484565,1.0383026661659787,-0.17436740265835482
600276.SH,2026-03-13,55.3,55.63,54.95,55.11,244164.44,1347312.522,-0.3436,55.54600000000001,55.70133333333333,0,0.0,0.0,-0.0034358047016274096,-0.0,1.0245130018484565,1.0347352609838534,-0.17436740265835482
600276.SH,2026-03-16,55.21,56.05,54.52,55.59,307751.44,1706961.132,0.871,55.676,55.52533333333333,1,1.0,0.0,0.008709853021230396,0.0,1.0245130018484565,1.0437476530229073,-0.17436740265835482
600276.SH,2026-03-17,55.69,57.44,55.38,56.3,504110.99,2853748.29,1.2772,55.626,55.41133333333333,1,0.0,1.0,0.012772081309587957,0.011772081309587956,1.0365736522089466,1.0570784829140074,-0.1646479885906026
600276.SH,2026-03-18,56.26,57.08,56.02,56.88,393793.11,2228050.343,1.0302,55.836,55.346,1,0.0,1.0,0.010301953818827814,0.010301953818827814,1.0472523861038168,1.067968456627864,-0.15604223074659818
600276.SH,2026-03-19,56.17,57.03,55.91,56.02,343646.51,1935908.148,-1.512,55.98,55.29933333333334,1,0.0,1.0,-0.015119549929676457,-0.015119549929676457,1.0314184013631473,1.0518212542245595,-0.16880249237736333
600276.SH,2026-03-20,56.19,56.76,55.05,55.14,347395.1,1936270.337,-1.5709,55.986000000000004,55.20466666666666,1,0.0,1.0,-0.01570867547304533,-0.01570867547304533,1.0152161844192065,1.0352985354862945,-0.18185950427861142
600276.SH,2026-03-23,54.18,54.35,52.41,52.78,487701.57,2600360.832,-4.28,55.424,55.087333333333326,1,0.0,1.0,-0.04280014508523755,-0.04280014508523755,0.9717647844331831,0.9909876079609471,-0.21687603619559503
600276.SH,2026-03-24,53.27,53.74,52.81,53.64,348355.04,1854905.816,1.6294,54.891999999999996,55.089333333333336,0,-1.0,1.0,0.016294050776809454,0.016294050776809454,0.9875987691738527,1.0071348103642517,-0.20411577456482977
600276.SH,2026-03-25,54.0,54.86,53.84,54.1,411525.62,2230992.166,0.8576,54.336,55.163999999999994,0,0.0,0.0,0.008575689783743456,-0.001,0.9866111704046788,1.0157716860683448,-0.20491165879026496
600276.SH,2026-03-26,53.28,54.1,51.54,51.63,649416.53,3412838.811,-4.5656,53.458000000000006,55.024666666666675,0,0.0,0.0,-0.04565619223659889,-0.0,0.9866111704046788,0.9693954187007142,-0.20491165879026496
600276.SH,2026-03-27,51.3,55.48,51.11,55.18,991196.28,5393542.863,6.8758,53.465999999999994,54.99933333333333,0,0.0,0.0,0.06875847375556843,0.0,0.9866111704046788,1.0360495681562156,-0.20491165879026496
600276.SH,2026-03-30,54.73,56.1,54.61,55.76,697270.79,3866003.912,1.0511,54.062,55.053999999999995,0,0.0,0.0,0.01051105472997449,0.0,0.9866111704046788,1.046939541870072,-0.20491165879026496
600276.SH,2026-03-31,55.86,57.38,55.2,55.22,692923.92,3885745.233,-0.9684,54.378,54.965333333333334,0,0.0,0.0,-0.00968436154949781,-0.0,0.9866111704046788,1.0368006008261366,-0.20491165879026496
600276.SH,2026-04-01,56.03,57.78,55.6,57.73,1005516.56,5750559.322,4.5455,55.104,55.092000000000006,1,1.0,0.0,0.045454545454545414,0.0,0.9866111704046788,1.0839279008636882,-0.20491165879026496
600276.SH,2026-04-02,57.74,58.35,57.01,57.37,765169.85,4415860.425,-0.6236,56.251999999999995,55.230000000000004,1,0.0,1.0,-0.006235925861770353,-0.007235925861770353,0.979472125121236,1.0771686068343977,-0.21066485908081656
600276.SH,2026-04-03,56.98,56.99,56.1,56.38,454916.05,2569466.951,-1.7256,56.492,55.31466666666667,1,0.0,1.0,-0.01725640578699661,-0.01725640578699661,0.9625699566730921,1.0585805482538495,-0.2242859465744541
600276.SH,2026-04-07,56.51,56.85,55.0,56.12,401466.88,2244163.329,-0.4612,56.564,55.35,1,0.0,1.0,-0.004611564384533584,-0.004611564384533584,0.9581310033432764,1.053698835899362,-0.22786320187581366
600276.SH,2026-04-08,57.01,57.64,55.91,57.45,734462.9,4189267.319,2.3699,57.010000000000005,55.42666666666666,1,0.0,1.0,0.023699215965787612,0.023699215965787612,0.9808379569150255,1.07867067217424,-0.20956416514193676
600276.SH,2026-04-09,56.92,57.97,56.71,56.96,480754.74,2749696.421,-0.8529,56.85600000000001,55.432,1,0.0,1.0,-0.008529155787641463,-0.008529155787641463,0.9724722371780653,1.069470521967706,-0.2163059155175756
600276.SH,2026-04-10,57.5,58.14,56.8,57.06,587794.69,3371850.93,0.1756,56.794000000000004,55.501333333333335,1,0.0,1.0,0.0017556179775282121,0.0017556179775282121,0.9741795269203022,1.071348103642509,-0.21493004809397576
600276.SH,2026-04-13,56.6,56.64,55.01,55.2,796044.38,4431612.86,-3.2597,56.55800000000001,55.50533333333333,1,0.0,1.0,-0.03259726603575186,-0.03259726603575186,0.9424239377146982,1.0364250844911758,-0.24052118217293128
600276.SH,2026-04-14,55.35,56.31,54.8,56.18,574456.5,3184393.125,1.7754,56.57000000000001,55.73199999999999,1,0.0,1.0,0.017753623188405676,0.017753623188405676,0.9591553771886185,1.0548253849042437,-0.2270376814216537
600276.SH,2026-04-15,57.94,58.45,57.04,57.73,1029479.51,5945432.691,2.759,56.626,56.004666666666665,1,0.0,1.0,0.0275898896404414,0.0275898896404414,0.9856183681932885,1.083927900863688,-0.20571173635585738
600276.SH,2026-04-16,57.98,58.0,57.02,57.47,576718.43,3311971.254,-0.4504,56.727999999999994,56.22933333333334,1,0.0,1.0,-0.004503724233500761,-0.004503724233500761,0.9811794148634729,1.0790461885092006,-0.2092889916572167
600276.SH,2026-04-17,57.2,57.2,56.01,56.33,632523.68,3567405.886,-1.9836,56.58200000000001,56.54266666666667,1,0.0,1.0,-0.01983643640160082,-0.01983643640160082,0.9617163118019737,1.057641757416448,-0.2249738802862541
600276.SH,2026-04-20,56.33,56.68,55.83,56.34,433048.62,2433980.876,0.0178,56.81,56.62,1,0.0,1.0,0.0001775252973550412,0.0001775252973550412,0.9618870407761976,1.0578295155839286,-0.2248362935438939
600276.SH,2026-04-21,56.35,56.76,55.55,55.75,432751.3,2420276.829,-1.0472,56.724000000000004,56.61933333333333,1,0.0,1.0,-0.010472133475328382,-0.010472133475328382,0.9518140312970006,1.0467517837025917,-0.23295391134313248
600276.SH,2026-04-22,55.6,55.94,54.94,55.44,523563.07,2894035.207,-0.5561,56.266,56.634,0,-1.0,1.0,-0.005560538116591962,-0.005560538116591962,0.9465214330960666,1.0409312805107027,-0.2372191003562918
600276.SH,2026-04-23,56.03,57.96,56.03,56.4,963938.0,5474037.22,1.7316,56.052,56.54533333333333,0,0.0,0.0,0.017316017316017396,-0.001,0.9455749116629706,1.0589560645888103,-0.23798188125593545
600276.SH,2026-04-24,56.5,56.75,55.32,56.05,557797.62,3129630.48,-0.6206,55.996,56.457333333333324,0,0.0,0.0,-0.006205673758865271,-0.0,0.9455749116629706,1.0523845287270004,-0.23798188125593545
600276.SH,2026-04-27,56.06,56.07,55.2,55.38,455529.55,2523081.153,-1.1954,55.803999999999995,56.39066666666666,0,0.0,0.0,-0.011953612845673423,-0.0,0.9455749116629706,1.0398047315058214,-0.23798188125593545
600276.SH,2026-04-28,55.38,57.35,54.8,54.84,903119.52,5056516.343,-0.9751,55.622,56.30533333333334,0,0.0,0.0,-0.009750812567713929,-0.0,0.9455749116629706,1.029665790461886,-0.23798188125593545
600276.SH,2026-04-29,54.83,55.08,54.2,54.99,591509.22,3232737.364,0.2735,55.532000000000004,56.141333333333336,0,0.0,0.0,0.00273522975929974,0.0,0.9455749116629706,1.0324821629740903,-0.23798188125593545
600276.SH,2026-04-30,55.04,55.04,53.81,53.88,712484.82,3855730.653,-2.0185,55.028,55.936,0,0.0,0.0,-0.02018548827059463,-0.0,0.9455749116629706,1.0116410063837786,-0.23798188125593545
600276.SH,2026-05-06,53.98,54.11,53.4,53.63,665747.53,3573491.857,-0.464,54.544000000000004,55.70733333333333,0,0.0,0.0,-0.0046399406087601625,-0.0,0.9455749116629706,1.0069470521967716,-0.23798188125593545
600276.SH,2026-05-07,53.88,54.43,53.4,53.68,623451.82,3352802.192,0.0932,54.20399999999999,55.606,0,0.0,0.0,0.0009323140033563604,0.0,0.9455749116629706,1.007885843034173,-0.23798188125593545
600276.SH,2026-05-08,53.88,53.92,52.68,52.8,802414.65,4253912.511,-1.6393,53.79600000000001,55.38066666666667,0,0.0,0.0,-0.016393442622950838,-0.0,0.9455749116629706,0.9913631242959079,-0.23798188125593545
600276.SH,2026-05-11,52.8,53.79,52.12,53.52,1023063.39,5425541.107,1.3636,53.501999999999995,55.1,0,0.0,0.0,0.013636363636363669,0.0,0.9455749116629706,1.0048817123544884,-0.23798188125593545
600276.SH,2026-05-12,53.53,58.87,52.75,56.11,2465399.65,13832346.444,4.8393,53.948,55.00933333333333,0,0.0,0.0,0.04839312406576979,0.0,0.9455749116629706,1.0535110777318824,-0.23798188125593545
600276.SH,2026-05-13,56.11,57.26,55.66,55.86,1327790.72,7453651.588,-0.4456,54.394000000000005,54.977999999999994,0,0.0,0.0,-0.004455533772946052,-0.0,0.9455749116629706,1.048817123544875,-0.23798188125593545
600276.SH,2026-05-14,55.8,56.74,54.28,54.32,917226.81,5058298.449,-2.7569,54.522000000000006,54.84333333333334,0,0.0,0.0,-0.027568922305764354,-0.0,0.9455749116629706,1.0199023657529112,-0.23798188125593545
600276.SH,2026-05-15,54.08,55.66,53.75,53.99,765988.95,4173748.481,-0.6075,54.760000000000005,54.726000000000006,1,1.0,0.0,-0.006075110456553734,-0.0,0.9455749116629706,1.0137063462260618,-0.23798188125593545
600276.SH,2026-05-18,53.78,53.8,52.19,52.43,786608.89,4141536.235,-2.8894,54.541999999999994,54.525333333333336,1,0.0,1.0,-0.028894239674013722,-0.029894239674013723,0.9173076686239834,0.9844160720991373,-0.2607618335336116
600276.SH,2026-05-19,52.3,52.91,51.33,51.59,699094.53,3627118.898,-1.6021,53.638,54.20466666666667,0,-1.0,1.0,-0.01602136181575431,-0.01602136181575431,0.9026111505685925,0.9686443860307933,-0.27260543566658435
600276.SH,2026-05-20,51.51,51.96,50.38,50.95,827046.41,4207608.523,-1.2406,52.656000000000006,53.86466666666667,0,0.0,0.0,-0.012405504942818335,-0.001,0.901708539418024,0.9566278633120551,-0.2733328302309177
600276.SH,2026-05-21,51.03,52.79,50.88,51.45,994024.91,5157539.017,0.9814,52.08200000000001,53.60266666666667,0,0.0,0.0,0.00981354268891077,0.0,0.901708539418024,0.9660157716860694,-0.2733328302309177
600276.SH,2026-05-22,51.55,51.58,50.4,50.47,677619.85,3439250.074,-1.9048,51.378,53.31133333333334,0,0.0,0.0,-0.01904761904761909,-0.0,0.901708539418024,0.9476154712730014,-0.2733328302309177
600276.SH,2026-05-25,50.01,50.02,49.02,49.43,838354.91,4132036.88,-2.0606,50.778,52.940666666666665,0,0.0,0.0,-0.020606300772736286,-0.0,0.901708539418024,0.9280886218550517,-0.2733328302309177
600276.SH,2026-05-26,49.08,50.17,48.8,49.2,713745.51,3526003.698,-0.4653,50.3,52.62866666666667,0,0.0,0.0,-0.004653044709690413,-0.0,0.901708539418024,0.9237701840030051,-0.2733328302309177
600276.SH,2026-05-27,48.88,51.3,48.45,50.37,961152.93,4800578.724,2.7959,50.184000000000005,52.41133333333334,0,0.0,0.0,0.02378048780487796,0.0,0.901708539418024,0.9457378895981985,-0.2733328302309177
600276.SH,2026-05-28,50.06,50.58,47.85,48.0,978696.76,4764526.056,-4.7052,49.494,52.032666666666664,0,0.0,0.0,-0.04705181655747459,-0.0,0.901708539418024,0.9012392039053709,-0.2733328302309177
600276.SH,2026-05-29,48.02,50.52,47.62,50.19,1300404.6,6428005.491,4.5625,49.438,51.858666666666664,0,0.0,0.0,0.04562500000000003,0.0,0.901708539418024,0.9423582425835535,-0.2733328302309177
600276.SH,2026-06-01,50.32,51.2,49.0,49.17,946652.92,4730298.019,-2.0323,49.385999999999996,51.56866666666667,0,0.0,0.0,-0.020322773460848653,-0.0,0.901708539418024,0.9232069095005645,-0.2733328302309177
600276.SH,2026-06-02,48.82,49.1,47.9,48.4,611443.12,2958267.989,-1.566,49.226,51.05466666666667,0,0.0,0.0,-0.015659955257270708,-0.0,0.901708539418024,0.9087495306045825,-0.2733328302309177
600276.SH,2026-06-03,48.1,48.18,47.2,47.2,815364.21,3874213.873,-2.4793,48.592,50.477333333333334,0,0.0,0.0,-0.024793388429751984,-0.0,0.901708539418024,0.8862185505069483,-0.2733328302309177
600276.SH,2026-06-04,47.0,47.88,46.51,46.63,639248.85,3002777.698,-1.2076,48.318,49.96466666666666,0,0.0,0.0,-0.012076271186440724,-0.0,0.901708539418024,0.875516334960572,-0.2733328302309177
600276.SH,2026-06-05,47.48,48.72,47.0,47.08,930263.96,4447209.359,0.965,47.696,49.504000000000005,0,0.0,0.0,0.009650439631138763,0.0,0.901708539418024,0.8839654524971848,-0.2733328302309177
600276.SH,2026-06-08,46.6,47.72,45.55,45.94,684210.68,3166674.106,-2.4214,47.05,49.071333333333335,0,0.0,0.0,-0.024214103653355967,-0.0,0.901708539418024,0.8625610214044322,-0.2733328302309177
600276.SH,2026-06-09,46.34,46.6,45.26,46.38,621286.09,2856659.948,0.9578,46.646,48.724000000000004,0,0.0,0.0,0.00957771005659569,0.0,0.901708539418024,0.8708223807735649,-0.2733328302309177
600276.SH,2026-06-10,46.1,47.38,45.91,47.01,621575.53,2901932.496,1.3583,46.608000000000004,48.461333333333336,0,0.0,0.0,0.013583441138421692,0.0,0.901708539418024,0.8826511453248228,-0.2733328302309177
600276.SH,2026-06-11,46.7,47.2,46.22,46.98,473373.64,2211880.829,-0.0638,46.678,48.163333333333334,0,0.0,0.0,-0.0006381620931716903,-0.0,0.901708539418024,0.8820878708223819,-0.2733328302309177
600276.SH,2026-06-12,47.2,48.95,46.56,48.49,1002990.2,4824609.044,3.2141,46.96,48.03133333333333,0,0.0,0.0,0.03214133673903796,0.0,0.901708539418024,0.9104393541119051,-0.2733328302309177
600276.SH,2026-06-15,48.44,48.8,47.62,47.88,669407.9,3219757.536,-1.258,47.348,47.928000000000004,0,0.0,0.0,-0.012579913384202945,-0.0,0.901708539418024,0.8989861058956077,-0.2733328302309177
600276.SH,2026-06-16,47.6,48.09,47.14,47.35,502934.59,2385274.213,-1.1069,47.542,47.80466666666666,0,0.0,0.0,-0.011069340016708451,-0.0,0.901708539418024,0.8890349230191525,-0.2733328302309177
600276.SH,2026-06-17,47.37,47.66,46.78,46.99,518238.62,2440284.436,-0.7603,47.538,47.57933333333333,0,0.0,0.0,-0.007602956705385466,-0.0,0.901708539418024,0.8822756289898622,-0.2733328302309177
600276.SH,2026-06-18,46.99,49.5,46.61,48.42,1185928.36,5748480.21,3.0432,47.826,47.60733333333334,1,1.0,0.0,0.0304320068099595,0.0,0.901708539418024,0.909125046939543,-0.2733328302309177
600276.SH,2026-06-22,48.2,49.41,47.3,49.36,946321.1,4576625.23,1.9413,48.0,47.552,1,0.0,1.0,0.019413465510119687,0.018413465510119686,0.918312118508778,0.9267743146826898,-0.25995236936303856
600276.SH,2026-06-23,49.18,50.92,48.8,48.98,1075827.14,5376611.879,-0.7699,48.22,47.539333333333325,1,0.0,1.0,-0.007698541329011377,-0.007698541329011377,0.9112424547115062,0.9196395043184389,-0.26564965663293416
600276.SH,2026-06-24,48.98,51.36,48.93,50.25,1358812.24,6874481.944,2.5929,48.8,47.66266666666666,1,0.0,1.0,0.02592895059207856,0.02592895059207856,0.9348700152971252,0.9434847915884353,-0.24660872286249358
600276.SH,2026-06-25,49.86,50.8,48.66,50.04,1051386.05,5219089.446,-0.4179,49.410000000000004,47.852000000000004,1,0.0,1.0,-0.004179104477611939,-0.004179104477611939,0.9309630958302119,0.9395418700713494,-0.24975722372217268
600276.SH,2026-06-26,50.46,50.73,48.62,48.67,749616.79,3706726.925,-2.7378,49.459999999999994,47.98800000000001,1,0.0,1.0,-0.027378097521982392,-0.027378097521982392,0.9054750974032056,0.9138190011265502,-0.27029744361626995
600276.SH,2026-06-29,49.01,53.31,48.43,52.93,1727561.67,8958581.324,8.7528,50.174,48.378,1,0.0,1.0,0.08752825148962406,0.08752825148962406,0.9847297494463053,0.993803980473152,-0.20642785474849323
600276.SH,2026-06-30,52.97,53.45,51.7,52.04,1146412.66,6000711.377,-1.6815,50.786,48.784666666666666,1,0.0,1.0,-0.016814660872850995,-0.016814660872850995,0.9681718526579581,0.9770935035674065,-0.2197715012490381
600276.SH,2026-07-01,51.61,54.08,50.22,53.78,1569308.27,8235118.692,3.3436,51.492000000000004,49.278,1,0.0,1.0,0.03343581860107614,0.03343581860107614,1.0005434710980974,1.0097634247089764,-0.19368392269741108
600276.SH,2026-07-02,53.8,55.45,53.09,53.49,1320238.17,7141714.076,-0.5392,52.181999999999995,49.71,1,0.0,1.0,-0.00539233915953885,-0.00539233915953885,0.9951482013580741,1.0043184378520482,-0.19803185245601562
600276.SH,2026-07-03,54.55,55.15,53.28,54.45,1098670.98,5951497.72,1.7947,53.338,50.208000000000006,1,0.0,1.0,0.01794727986539546,0.01794727986539546,1.0130084046353924,1.0223432219301558,-0.18363870566891094
