ts_code,trade_date,open,high,low,close,vol,amount,pct_chg,rsi14,ema12,ema26,macd,macd_signal,macd_hist,bb_mid,bb_upper,bb_lower,bb_width,kdj_rsv,kdj_k,kdj_d,kdj_j
688235.SH,2025-07-04,231.03,233.9,228.03,229.64,23536.9,541315.146,-1.3955,,229.64,229.64,0.0,0.0,0.0,,,,,,,,
688235.SH,2025-07-07,229.99,230.0,223.09,223.35,25336.98,569648.936,-2.7391,,228.67230769230767,229.17407407407407,-0.5017663817664015,-0.10035327635328031,-0.40141310541312125,,,,,,,,
688235.SH,2025-07-08,223.39,227.38,222.22,223.15,26569.74,595290.729,-0.0895,,227.82272189349112,228.7278463648834,-0.9051244713922699,-0.26130751536107827,-0.6438169560311917,,,,,,,,
688235.SH,2025-07-09,223.0,229.22,220.01,226.46,30899.3,696196.001,1.4833,,227.61307237141557,228.5598577452624,-0.9467853738468364,-0.3984030870582299,-0.5483822867886065,,,,,,,,
688235.SH,2025-07-10,228.83,230.37,226.22,227.33,24210.64,552817.168,0.3842,,227.56952277581317,228.46875717153927,-0.8992343957260971,-0.49856934879180337,-0.4006650469342937,,,,,,,,
688235.SH,2025-07-11,227.45,231.49,225.28,229.9,29055.19,666243.143,1.1305,,227.92805773338037,228.57477515883264,-0.6467174254522661,-0.5281989641238959,-0.11851846132837018,,,,,,,,
688235.SH,2025-07-14,228.01,231.18,222.22,225.94,27849.85,626838.826,-1.7225,,227.6222026974757,228.37960662854874,-0.7574039310730427,-0.5740399575137253,-0.18336397355931744,,,,,,,,
688235.SH,2025-07-15,226.23,242.75,225.45,241.3,49021.28,1155900.816,6.7983,,229.72647920555636,229.3366728042118,0.3898064013445719,-0.3812706857420659,0.7710770870866378,,,,,,,,
688235.SH,2025-07-16,237.8,246.28,237.79,239.94,20772.79,501407.938,-0.5636,,231.29779009700923,230.12210444834426,1.1756856486649667,-0.06987941886065938,1.245565067525626,,,,,75.86600685192234,75.86600685192234,75.86600685192234,75.86600685192232
688235.SH,2025-07-17,243.5,251.88,241.7,250.85,36446.46,902445.089,4.547,,234.30582238977703,231.6575041188373,2.6483182709397397,0.4737601190994204,2.174558151840319,,,,,96.76812048948854,82.83337806444439,78.18846392276302,92.12320634780713
688235.SH,2025-07-18,247.84,251.62,246.34,249.76,20191.58,502348.665,-0.4345,,236.68338817596518,232.99842973966418,3.6849584363010024,1.1159997825397368,2.568958653761266,,,,,93.34797615312205,86.33824409400361,80.90505731317654,97.20461765565778
688235.SH,2025-07-21,248.0,248.39,235.1,236.45,35502.39,848446.095,-5.3291,,236.64748230273977,233.25410161080015,3.393380691939626,1.5714759644197147,1.8219047275199114,,,,,51.584562284279876,74.75368349076237,78.85459937237182,66.55185172754346
688235.SH,2025-07-22,235.2,242.86,235.2,236.72,26940.94,644354.064,0.1142,,236.65863887154904,233.51083482481494,3.147804046734109,1.8867415808825938,1.261062465851515,,,,,48.88739042481457,66.13158580211311,74.61359484895225,49.16756770843483
688235.SH,2025-07-23,237.6,241.82,236.98,238.13,20614.88,492624.011,0.5956,,236.88500212207995,233.85299520816199,3.032006913917968,2.1157946474896687,0.9162122664282992,,,,,53.641267700606875,61.96814643494436,70.39844537761628,45.10754854960052
688235.SH,2025-07-24,237.89,239.77,235.61,237.68,21877.18,519680.035,-0.189,30.55953697295169,237.0073094879138,234.13647704459444,2.870832443319358,2.2668022066556066,0.6040302366637516,,,,,52.12407282535404,58.686788565080924,66.49455977343783,43.07124614836712
688235.SH,2025-07-25,238.08,241.55,234.0,234.87,23643.08,559474.529,-1.1823,29.294533748071473,236.67849264361936,234.19081207832818,2.4876805652911855,2.3109778783827224,0.17670268690846314,,,,,35.64131668558461,51.00496460524882,61.3313613840415,30.35217104766346
688235.SH,2025-07-28,235.69,242.18,235.0,241.42,27812.01,665076.873,2.7888,35.95007184013798,237.40795531383176,234.7263074799335,2.6816478338982677,2.3851118694858315,0.2965359644124361,,,,,41.49888143176727,47.83627021408831,56.83299766072377,29.842815320817394
688235.SH,2025-07-29,241.0,247.7,237.0,245.78,27405.0,668184.041,1.806,39.9988119947912,238.69596218862688,235.54509951845694,3.1508626701699427,2.538262029622654,0.6126006405472886,,,,,65.88366890380316,53.85206977732659,55.839355032924715,49.87749926613034
688235.SH,2025-07-30,246.0,249.69,240.58,242.0,22435.06,550438.61,-1.538,37.7696859523001,239.2042756980689,236.02324029486752,3.1810354032013777,2.666816704338399,0.5142186988629787,,,,,45.402951191827455,51.035696915493546,54.23813566044766,44.63081942558533
688235.SH,2025-07-31,241.49,244.97,237.11,238.24,21754.25,523538.17,-1.5537,35.641894583012714,239.05592559067367,236.18744471746993,2.868480873203737,2.7071495381114667,0.16133133509227005,235.94549999999998,252.06382804604746,219.8271719539525,0.13662755209188124,27.023581899298975,43.03165857676203,50.502643299219116,28.089689131847848
688235.SH,2025-08-01,237.8,239.85,234.66,237.88,26468.0,628137.343,-0.1511,35.436054301601146,238.87501396133925,236.3128191828425,2.562194778496746,2.678158586188523,-0.11596380769177683,236.3575,252.22942852176445,220.48557147823553,0.13430442039507492,24.729126832377286,36.93081466196712,45.97870042013511,18.835043145631133
688235.SH,2025-08-04,238.0,244.45,234.24,243.51,24859.19,595888.548,2.3667,41.159247194117775,239.58808873651782,236.8459436878171,2.7421450487007064,2.6909558786909598,0.051189170009746654,237.36550000000003,252.34036223642812,222.39063776357193,0.12617555825449017,60.61185468451238,44.824494669482206,45.59396516991748,43.28555366861167
688235.SH,2025-08-05,243.5,253.3,242.89,249.46,28357.26,706369.511,2.4434,46.55157726281957,241.10684431551508,237.78031822946028,3.3265260860547983,2.818069920163728,0.5084561658910705,238.68099999999998,253.03939949297973,224.32260050702024,0.12031455786576849,80.10362694300518,56.5842054273232,49.25737858905272,71.23785910386417
688235.SH,2025-08-06,250.3,250.3,243.6,245.54,19919.25,489235.584,-1.5714,43.70954921512103,241.78886826697428,238.35510947172247,3.433758795251805,2.941207695181343,0.4925511000704619,239.635,253.12802708809258,226.1419729119074,0.11261315824560343,59.79274611398956,57.653718989545325,52.05615872255025,68.84883952353547
688235.SH,2025-08-07,248.0,250.99,234.2,235.66,48292.24,1160616.965,-4.0238,37.49606482578405,240.8459654566705,238.15547173307638,2.6904937235941304,2.891064900863901,-0.20057117726977047,240.05149999999998,252.47105760081655,227.6319423991834,0.10347410952080346,7.643979057591656,40.9838056788941,48.36537437466487,26.220668287352566
688235.SH,2025-08-08,234.0,235.2,223.3,224.63,53880.98,1215694.232,-4.6805,32.023069328799124,238.3512015402597,237.1535849380337,1.1976166022259918,2.5523752411363194,-1.3547586389103277,239.788,253.23871091058018,226.33728908941984,0.11218835730378643,4.43333333333328,28.800314897040497,41.84368788212342,2.7135689268746574
688235.SH,2025-08-11,225.0,231.32,224.95,228.98,25346.07,578994.68,1.9365,35.991127279767014,236.90947822637358,236.54813420188307,0.3613440244905064,2.1141689978071567,-1.7528249733166503,239.93999999999997,252.8178243504095,227.06217564959044,0.10734203842968681,18.93333333333326,25.51132104247142,36.39956560223942,3.734831922935413
688235.SH,2025-08-12,228.89,232.0,224.53,229.92,29440.75,669228.481,0.4105,36.84899436624701,235.83417388385456,236.0571612980399,-0.22298741418532586,1.6467377154086602,-1.869725129593986,239.371,252.94500000000005,225.79699999999997,0.11341390561095571,22.06666666666659,24.363102917203143,32.387411373894,8.314486003821429
688235.SH,2025-08-13,230.0,236.36,228.1,233.79,36349.37,846082.067,1.6832,40.39107860285483,235.5196855940308,235.88922342411098,-0.3695378300801906,1.2434826063108901,-1.6130204363910807,239.06349999999998,252.8490000272025,225.27799997279746,0.11532919100743123,34.966666666666605,27.897624167024297,30.890815638270766,21.911241224531352
688235.SH,2025-08-14,237.0,239.65,233.5,234.06,34184.06,809030.028,0.1155,40.6412288856915,235.29511857956453,235.75372539269534,-0.45860681313081386,0.9030647224225493,-1.3616715355533633,238.22400000000002,251.0475586324546,225.40044136754543,0.10765967016299442,35.86666666666664,30.553971666905078,30.7785343144822,30.104846371750824
688235.SH,2025-08-15,234.1,241.96,231.5,241.19,45400.79,1081334.696,3.0462,46.970031527036944,236.20202341347766,236.15641240064383,0.045611012833830955,0.7315739805048057,-0.6859629676709748,237.7955,249.57908090734736,226.01191909265265,0.0991068452291768,59.63333333333328,40.24709222238114,33.93472028378184,52.87183609957974
688235.SH,2025-08-18,242.42,246.95,239.33,243.0,37264.88,901376.0,0.7504,48.471975970484905,237.24786596525033,236.66334481541097,0.584521149839361,0.7021634143717168,-0.11764226453235582,238.123,250.1012738322348,226.14472616776519,0.1006057695580419,71.14481762369083,50.5463340228177,39.47192486346046,72.69515234153221
688235.SH,2025-08-19,242.47,245.95,234.6,234.7,39523.54,945025.318,-3.4156,42.52422101918009,236.85588658598104,236.51791186612127,0.3379747198597727,0.629325675469328,-0.2913509556095554,238.022,250.0796923165256,225.96430768347437,0.1013157801928025,41.1700975081256,47.420921851253674,42.1215905260582,58.01958450164463
688235.SH,2025-08-20,233.88,237.88,232.89,237.5,23236.88,547244.226,1.193,44.97706928857918,236.95498095736858,236.59065913529747,0.36432182207110486,0.5763249047896835,-0.2120030827185786,237.99049999999997,250.0501906676747,225.93080933232523,0.10134598370670043,60.04228329809727,51.62804233353487,45.29040779521709,64.30331141017044
688235.SH,2025-08-21,241.5,248.77,240.12,243.25,40536.26,992593.773,2.4211,49.72228387029076,237.92344542546573,237.08394364379393,0.8395017816717996,0.6289602801661067,0.21054150150569284,238.26899999999995,250.54251115207052,225.99548884792938,0.10302230799701657,77.22772277227719,60.16126914644897,50.24736157896105,79.98908428142482
688235.SH,2025-08-22,245.17,247.34,240.5,247.25,34290.52,836020.776,1.6444,52.773511594193536,239.3582999753941,237.83698485536473,1.5213151200293566,0.8074312481387568,0.7138838718905999,238.88799999999998,251.6523042896979,226.12369571030206,0.10686434052524965,93.72937293729369,71.35063707673055,57.281786744884215,99.48833774042322
688235.SH,2025-08-25,247.0,257.5,246.5,254.99,45312.12,1148079.2,3.1304,58.07543335990048,241.76317690225656,239.10757856978216,2.6555983324743977,1.1770646650058851,1.4785336674685126,239.5665,254.11499445819052,225.01800554180946,0.121456835226883,91.46258503401363,78.05461972915823,64.20606440630888,105.75173037485695
688235.SH,2025-08-26,257.0,261.76,250.18,250.51,37728.35,960148.613,-1.7569,54.277157583602616,243.10884199421707,239.95220237942792,3.1566396147891567,1.5729796549625394,1.5836599598266172,239.80299999999997,254.8915878729588,224.71441212704113,0.12584152719489616,62.82220753469926,72.97714899767192,67.12975927009656,84.67192845282264
688235.SH,2025-08-27,251.02,254.9,246.01,246.01,35273.8,883420.267,-1.7963,50.69088657983947,243.55517399510677,240.40092812909992,3.154245866006846,1.889232897171401,1.2650129688354452,240.00349999999997,255.30855442656116,224.6984455734388,0.12754026025921444,47.95109054857897,64.63512951464094,66.29821601827801,61.30895650736679
688235.SH,2025-08-28,245.0,247.0,238.21,247.0,35457.16,863326.253,0.4024,51.45088844748069,244.0851472266288,240.88974826768512,3.1953989589436844,2.150466109525858,1.0449328494178265,240.4415,256.0185835203513,224.86441647964867,0.1295706732851967,48.874263941808145,59.38150765703001,63.992646564528684,50.15922984203269
688235.SH,2025-08-29,247.02,286.28,247.02,278.0,90043.7,2415989.669,12.5506,68.05464524680298,249.30281688407052,243.63865580341215,5.664161080658374,2.8532051037523614,2.810955976906013,242.4475,264.9722711420116,219.92272885798837,0.18581153562739658,84.49147780483241,67.75149770629749,65.24559694511828,72.76329922865591
688235.SH,2025-09-01,289.99,310.3,287.0,300.0,118032.29,3529116.218,7.9137,74.67426212560416,257.10238351729043,247.81357018834458,9.28881332894585,4.140326748791059,5.14848658015479,245.272,279.00160693515414,211.54239306484584,0.2750383813493114,86.69422555225422,74.0657403216164,68.18564473728432,85.82593149028057
688235.SH,2025-09-02,299.85,346.0,298.0,324.85,137113.37,4430242.036,8.2833,79.77283425941127,267.5250937453996,253.51997239661534,14.005121348784257,6.113285668789699,7.891835679994559,249.04149999999998,297.4550684596787,200.62793154032127,0.3887992038248945,80.37851377678822,76.16999814000701,70.84709587152521,86.8158026769706
688235.SH,2025-09-03,319.93,330.0,311.2,326.08,94563.19,3048434.03,0.3786,79.98759218807442,276.533540861492,258.8947892561253,17.63875160536668,8.418378856105095,9.220372749261584,253.0685,311.9203537600983,194.2166462399017,0.4651061175934444,81.51962148622319,77.95320592207906,73.21579922170983,87.42801932281753
688235.SH,2025-09-04,336.2,337.99,298.88,308.1,105507.77,3314649.693,-5.514,68.53291990657829,281.38991919049323,262.5396196815975,18.850299508895716,10.50476298666322,8.345536522232496,256.6905,319.5884107681646,193.7925892318354,0.4900680840791895,64.83903887188053,73.58181690534622,73.3378051162553,74.06984048352805
688235.SH,2025-09-05,303.05,320.0,293.11,319.8,87082.76,2685568.448,3.7975,71.40280398402936,287.2991623919558,266.78112933481253,20.51803305714327,12.507417000759231,8.01061605638404,261.44899999999996,328.2064756562888,194.69152434371114,0.5106730234675889,75.69347805918916,74.2857039566272,73.65377139637926,75.5495690771231
688235.SH,2025-09-08,320.0,328.68,312.1,318.0,71812.44,2289895.097,-0.5629,70.33993146886422,292.02236817780874,270.57511975445607,21.447248423352676,14.295383285277921,7.151865138074754,265.9,335.2258312607933,196.57416873920664,0.5214428827438387,74.02356433806474,74.19832408377304,73.83528895884385,74.92439433363143
688235.SH,2025-09-09,314.0,345.0,313.06,323.2,95443.46,3145213.029,1.6352,71.65271437036898,296.8189269196843,274.47325903190375,22.345667887780564,15.90544020577845,6.440227682002114,270.56399999999996,342.0958475645637,199.03215243543622,0.5287610145072054,78.84775953242415,75.74813589999007,74.47290460589258,78.29859848818506
688235.SH,2025-09-10,321.0,328.67,315.65,316.99,57418.25,1837110.929,-1.9214,67.79364415346717,299.92216893204056,277.6226472517627,22.29952168027785,17.18425650067833,5.115265179599518,274.72400000000005,346.8918051211202,202.55619487887986,0.5253840590637889,70.69104869670642,74.0624401655622,74.33608312578245,73.51515424512169
688235.SH,2025-09-11,285.1,307.0,278.9,305.18,131343.92,3855303.358,-3.7257,61.058608248225816,300.73106601941896,279.663932640521,21.06713337889795,17.960831876322256,3.1063015025756933,278.28,349.0783965920131,207.48160340798682,0.5088284935461632,39.16542473919526,62.430101690106554,70.36742264722382,46.55545977587204
688235.SH,2025-09-12,310.22,319.4,310.07,315.57,75087.27,2362964.704,3.4045,64.40861835098602,303.0139789395083,282.3236413338157,20.690337605692605,18.506733022196325,2.1836045834962796,281.999,352.4267240580723,211.57127594192772,0.4994891759053917,54.649776453055146,59.83665994442275,66.8571684129568,45.79564300735464
688235.SH,2025-09-15,311.93,329.16,311.0,320.0,65459.05,2099755.393,1.4038,65.76108781353396,305.6272129488147,285.114482716496,20.512730232318688,18.9079324642208,1.6047977680978889,285.84900000000005,355.7446730849627,215.9533269150374,0.4890391296451108,62.178517397882004,60.61727909557584,64.77720530716314,52.29742667240123
688235.SH,2025-09-16,320.5,323.33,314.0,316.59,40799.66,1291535.143,-1.0656,63.752839149097824,307.31379557207396,287.4460025152741,19.867793056799883,19.099904582736617,0.7678884740632661,289.94350000000003,356.9069465286844,222.98005347131567,0.46190686481113974,57.019667170953085,59.41807512070159,62.99082857834263,52.2725682054195
688235.SH,2025-09-17,316.6,321.5,312.11,313.33,45894.07,1446657.145,-1.0297,61.80948684054377,308.2393654840626,289.3633356622908,18.876029821771795,19.055129630543654,-0.17909980877185916,293.735,356.86916523563104,230.60083476436898,0.4298715865363748,52.0877458396369,56.974632027013364,60.98542972789954,48.953036625241
688235.SH,2025-09-18,313.33,325.0,310.1,314.95,58354.29,1854581.852,0.517,62.42248915878272,309.2717707942068,291.2586441317507,18.013126662456102,18.846729036926146,-0.8336023744700434,297.32000000000005,356.60559791382695,238.03440208617315,0.3987999321527438,54.53857791225416,56.1626139887603,59.377824481519795,49.73219300324129
688235.SH,2025-09-19,316.8,322.56,306.28,310.2,47923.38,1498248.057,-1.5082,59.411293937402164,309.41457528740574,292.66170752939877,16.75286775800697,18.427956781142314,-1.6750890231353424,300.46750000000003,355.30300852321835,245.63199147678168,0.36500126318632353,47.352496217851744,53.225908065124116,57.32718567605457,45.02335284326321
688235.SH,2025-09-22,307.1,316.5,306.0,314.89,45006.14,1404155.796,1.5119,61.391648723921016,310.25694832011254,294.3082477124063,15.948700607706257,17.9321055464551,-1.9834049387488442,303.4625,354.4430256446022,252.48197435539777,0.3359922602931315,71.60764027059287,59.3531521336137,58.00250782857428,62.05444074369254
688235.SH,2025-09-23,312.5,314.9,297.3,303.55,53225.94,1617990.882,-3.6013,54.4712653374589,309.2251101170183,294.99282195593173,14.232288161086558,17.192142069381394,-2.9598539082948356,306.1145,350.94852345317605,261.280476546824,0.2929232261338553,49.04496617588542,55.91709014770427,57.30736860161761,53.13653323987759
688235.SH,2025-09-24,303.83,311.77,303.21,309.68,43747.08,1349660.824,2.0194,57.274988621757,309.2950931759386,296.0807610703071,13.214332105631456,16.39658007663141,-3.1822479709999527,309.298,344.6474461625629,273.9485538374371,0.2285785628265486,38.857501569365944,50.23056062159149,54.94843260827557,40.79481664822333
688235.SH,2025-09-25,311.0,324.3,310.0,315.67,50373.32,1608752.165,1.9343,59.87522713249793,310.275848071948,297.5318158058399,12.744032266108093,15.666070514526748,-2.922038248418655,312.7315,333.5723246237985,291.89067537620144,0.13328254188528205,57.6585059635907,52.706542402257895,54.20113587293635,49.71735546090099
688235.SH,2025-09-26,313.3,314.2,301.01,301.85,44945.5,1371761.657,-4.378,52.01043278945144,308.97956375318677,297.85168130170365,11.127882451483117,14.758432901918022,-3.630550450434905,313.92400000000004,328.45251458339516,299.3954854166049,0.09256071267819677,16.425992779783442,40.61302586143308,49.67176586910193,22.495545846095382
688235.SH,2025-09-29,300.55,302.61,295.3,301.02,31010.99,927725.062,-0.275,51.572294324769324,307.7550154834657,298.0863715756515,9.668643907814158,13.74047510309725,-4.071831195283092,313.975,328.31356408431213,299.6364359156879,0.09133570560912245,19.259259259259167,33.495103660708445,44.27954513297077,11.926220716183792
688235.SH,2025-09-30,301.02,308.66,301.01,306.9,35251.6,1077225.146,1.9534,54.4967639498613,307.62347463985554,298.7392329404181,8.884241699437439,12.76922842236529,-3.8849867229278505,313.0775,326.8154181464997,299.33958185350025,0.08776049474331268,39.05723905723896,35.34914879288528,41.30274635294227,23.441953672771305
688235.SH,2025-10-09,310.5,312.0,299.02,304.48,39183.95,1194366.632,-0.7885,53.07615228813387,307.13986315680086,299.1644749448316,7.975388211969232,11.810460380286079,-3.835072168316847,311.9975,324.8441024691328,299.1508975308672,0.0823506756889577,31.655172413793125,34.1178233331879,38.90777201302415,24.5379259735154
688235.SH,2025-10-10,300.88,302.51,283.0,285.59,55360.72,1609035.586,-6.204,43.53601525307723,303.8244995942161,298.1589582822515,5.665541311964603,10.581476566621783,-4.91593525465718,310.872,328.0883092444325,293.65569075556755,0.11076140176299226,6.271186440677903,24.835611035684572,34.21705168724429,6.072729732565136
688235.SH,2025-10-13,274.01,286.96,274.0,284.15,36834.24,1040006.17,-0.5042,42.90293696070663,300.7976535027982,297.12125766875135,3.6763958340468434,9.200460420106795,-5.524064586059952,309.0895,329.3518616343192,288.82713836568075,0.131109996517638,20.178926441351837,23.28338283757366,30.57249540402075,8.705157704679479
688235.SH,2025-10-14,286.0,287.92,272.2,273.71,35200.02,982703.055,-3.6741,38.528578021171086,296.6303221946754,295.38709043402906,1.2432317606463243,7.609014688214701,-6.365782927568377,306.875,331.883191857868,281.866808142132,0.16298617911441457,2.898272552783091,16.488346075976807,25.877778961339434,-2.290519694748447
688235.SH,2025-10-15,276.64,281.78,270.66,281.63,34700.77,963975.888,2.8936,43.25532014827635,294.3225803185715,294.368046698175,-0.04546637960351063,6.078118474651059,-6.123584854254569,304.79650000000004,330.91717937477773,278.67582062522234,0.171397502102404,20.451155853840365,17.809282668597994,23.18828019709229,7.051287611609403
688235.SH,2025-10-16,280.0,293.0,278.88,285.68,38468.96,1103882.531,1.4381,45.560563591708565,292.9929525772528,293.7244876834954,-0.7315351062425748,4.716187758472333,-5.447722864714907,303.231,329.9861594276681,276.4758405723319,0.17646717801061307,34.4970142397795,23.37185985899183,23.24947341772547,23.616632741524555
688235.SH,2025-10-17,285.0,285.0,271.99,273.67,36783.58,1018642.92,-4.204,40.32846408432807,290.02019064229086,292.23897007731057,-2.2187794350197123,3.3291943197739235,-5.547973754793636,301.6555,331.3189552774949,271.9920447225051,0.1966710719843988,7.281083696178019,18.00826780472056,21.502404880057167,11.019993654047347
688235.SH,2025-10-20,276.39,279.79,272.17,274.55,22520.67,620758.064,0.3216,40.864335677461554,287.6401613127077,290.9286759975098,-3.2885146848021236,2.005652518858714,-5.294167203660837,299.6045,330.7703970511028,268.43860294889714,0.2080469221997856,9.40977261731976,15.142102742253627,19.382304167455988,6.6616998918489045
688235.SH,2025-10-21,275.98,284.65,275.0,282.56,32857.03,920804.74,2.9175,45.64883911399969,286.8585980338296,290.30877407176837,-3.4501760379387747,0.9144868074992165,-4.364662845437991,297.73249999999996,328.2645047654905,267.2004952345094,0.20509688908997556,28.78567972907592,19.689961737861054,19.484856690924342,20.100171831734478
688235.SH,2025-10-22,280.0,286.58,278.79,281.95,19210.58,540610.526,-0.2159,45.34793583756248,286.1034291055481,289.6896056220078,-3.586176516459659,0.014354142707441397,-3.6005306591671005,296.0005,325.98216804899187,266.0188319510081,0.20257849597545868,35.44740973312394,24.94244440294868,21.304052594932454,32.219228018981134
688235.SH,2025-10-23,280.26,280.26,270.0,276.35,26997.4,739799.109,-1.9862,42.573471666657014,284.6029015508484,288.7014866870442,-4.0985851361958225,-0.8082337130732113,-3.290351423122611,294.1515,324.1913290774089,264.1116709225911,0.20424732885882893,27.608695652174013,25.831194819357126,22.813100003074013,31.867384451923357
688235.SH,2025-10-24,277.15,281.32,276.37,279.8,22414.71,625692.725,1.2484,44.81358272084576,283.86399361994864,288.0421173028187,-4.17812368287008,-1.4822117070325853,-2.6959119758374945,292.394,321.4579587117781,263.33004128822193,0.1987999665641434,42.608695652173964,31.42369509696274,25.683298367703586,42.90448855548104
688235.SH,2025-10-27,283.81,292.99,283.81,288.21,35431.63,1022467.091,3.0057,49.9399514138151,284.5326099861104,288.0545530581655,-3.5219430720550804,-1.8901579800370845,-1.631785092017996,291.2945,319.2224168396059,263.36658316039416,0.19175038896790614,79.17391304347817,47.34043441246788,32.90234371595835,76.21661580548692
688235.SH,2025-10-28,288.27,291.88,284.41,285.0,22355.66,640495.336,-1.1138,48.10322060181408,284.6045161420934,287.82828986867173,-3.2237737265783153,-2.1568811293453307,-1.0668925972329846,289.8,315.63813151139107,263.96186848860896,0.17831698765625295,65.21739130434783,53.29942004309453,39.70136915833707,80.49552181260944
688235.SH,2025-10-29,285.0,289.2,280.88,289.19,24637.24,702892.334,1.4702,50.65439164866925,285.30997519715595,287.92915728580715,-2.6191820886512005,-2.2493413212065048,-0.36984076744469574,289.082,314.1381143036972,264.0258856963028,0.17334952922490643,83.47107438016525,63.356638155451435,47.586458824041856,94.8969968182706
688235.SH,2025-10-30,286.48,287.0,279.07,281.8,25641.42,724999.075,-2.5554,46.328619608097995,284.7699790129781,287.47514563500664,-2.705166622028514,-2.340506381370907,-0.3646602406576074,287.688,311.0500612104313,264.3259387895687,0.1624124830401776,51.326663766855184,59.34664669258602,51.506521446889906,75.02689718397824
688235.SH,2025-10-31,281.8,298.68,280.29,296.75,57089.62,1673883.701,5.3052,54.747764792209146,286.61305916482763,288.1621718842654,-1.549112719437744,-2.1822276489842745,0.6331149295465304,286.742,306.79272926354406,266.691270736456,0.13985205699579442,93.27057182705715,70.65462173740973,57.889221543729846,96.18542212476947
688235.SH,2025-11-03,298.9,299.0,281.01,282.5,59341.78,1692010.319,-4.802,47.15482846475153,285.98028083177724,287.74275174469017,-1.7624709129129315,-2.098276301770006,0.33580538885707467,285.7745,304.648717838097,266.90028216190296,0.1320916865437401,43.103448275862064,61.470897250227175,59.08311344589562,66.24646485889028
688235.SH,2025-11-04,281.31,282.99,271.04,272.51,43017.74,1175633.482,-3.5363,42.68534375636428,283.90792993458075,286.614399763602,-2.706469829021273,-2.21991500722026,-0.4865548218010134,284.34900000000005,302.70144495973057,265.9965550402695,0.12908394233656892,8.655172413793071,43.86565563808247,54.01062750995791,23.575711894331604
688235.SH,2025-11-05,269.0,276.51,267.83,270.29,31145.75,844059.031,-0.8146,41.73858106235823,281.8128637907991,285.4051849662982,-3.5923211754990803,-2.494396240876024,-1.0979249346230562,282.5185,298.6811387387684,266.3558612612316,0.11441826810469691,7.892204042348524,31.87450510617116,46.631920042028995,2.3596752344554943
688235.SH,2025-11-06,272.7,279.2,272.7,277.5,27779.96,766837.705,2.6675,45.93290853018732,281.1493462845223,284.81961570953536,-3.670269425013032,-2.7295708777034258,-0.9406985473096063,281.1695,293.9181179250904,268.4208820749096,0.09068279400923926,31.023419955085053,31.590810055809126,41.61821671328904,11.5359967408493
688235.SH,2025-11-07,286.0,286.0,278.26,279.0,36163.17,1018156.38,0.5405,46.791142866055004,280.818677625365,284.3885330643846,-3.569855439019591,-2.897627789966659,-0.6722276490529318,280.84000000000003,293.45452179037864,268.22547820962143,0.08983422440093008,35.83573949310237,33.005786534906875,38.74740665382832,21.522546297063982
688235.SH,2025-11-10,273.1,283.58,270.3,280.16,31026.42,854562.184,0.4158,47.48537476072535,280.7173426060781,284.07530839294867,-3.3579657868705794,-2.9896953893474434,-0.36827039752313606,280.64050000000003,293.16520434780546,268.1157956521946,0.08925799624648206,39.557266602502516,35.18961322410542,37.56147551058736,30.44588865114156
688235.SH,2025-11-11,281.16,284.65,276.66,278.0,26189.99,733843.887,-0.771,46.27465327350315,280.2992898974507,283.62528554902656,-3.3259956515758518,-3.0569554417931255,-0.26904020978272625,280.855,293.03991936780614,268.6700806321939,0.08677017940080195,32.6275264677575,34.33558430532278,36.48617844216583,30.03439603163669
688235.SH,2025-11-12,282.86,293.9,280.01,293.62,61977.97,1792841.512,5.6187,55.175166109545195,282.3486299132275,284.36563476761717,-2.017004854389654,-2.8489653243124313,0.8319604699227772,281.4545,294.85239457339986,268.05660542660013,0.0952046925765967,82.73981392364456,50.47032751143004,41.1475614652539,69.11585960378233
688235.SH,2025-11-13,303.32,313.25,300.25,304.59,73016.17,2236091.716,3.7361,60.166274603385,285.7703791573463,285.86373589594183,-0.09335673859550297,-2.2978436071690456,2.2044868685735426,282.4,299.115471874881,265.68452812511896,0.11838152885893073,80.93350946719502,60.62472149668504,47.639948142397614,86.59426820525991
688235.SH,2025-11-14,296.02,307.77,296.02,298.8,40216.93,1213979.263,-1.9009,56.58501055982667,287.77493621006226,286.8219776814276,0.9529585286346673,-1.647683180008303,2.6006417086429705,283.6565,301.3098637304605,266.0031362695395,0.12447001024450709,68.18582122413036,63.145088072500144,52.808328119098455,83.81860797930354
688235.SH,2025-11-17,298.23,298.23,287.0,290.78,30765.87,892653.998,-2.6841,51.97054918690277,288.2372537162065,287.1151645198404,1.1220891963661188,-1.0937287047334188,2.2158179010995376,284.468,301.8625481114037,267.0734518885963,0.1222952888297011,50.528401585204705,58.939525910068326,54.85206071608842,67.11445629802816
688235.SH,2025-11-18,294.9,302.67,286.39,289.37,33431.2,983416.806,-0.4849,51.180321841827954,288.41152237525165,287.28218937022257,1.129333005029082,-0.6491163627809187,1.7784493678100006,284.8085,302.30662478524306,267.3103752147569,0.1228764224750531,44.400465657741556,54.09317249262607,54.599097974934296,53.081321528009596
688235.SH,2025-11-19,283.8,286.74,280.66,284.02,24140.42,683864.528,-1.8488,48.18641218044869,287.73590354828985,287.040545713169,0.6953578351208307,-0.3802215232005688,1.0755793583213995,284.912,302.36570058182326,267.4582994181767,0.12251994006446401,31.944121071012745,46.7101553520883,51.969450433985635,36.19156518829364
688235.SH,2025-11-20,282.5,286.94,282.3,283.58,19044.43,541705.493,-0.1549,47.938041945531324,287.0965337716299,286.784208993675,0.31232477795487057,-0.24171226296948092,0.5540370409243515,285.27349999999996,302.29707809039974,268.2499219096002,0.11934917256877897,30.91967403958085,41.446661581252485,48.46185414974126,27.416276444274942
688235.SH,2025-11-21,279.0,284.0,277.31,278.88,23237.04,651283.796,-1.6574,45.254743789693876,285.8324516529176,286.19871203118055,-0.3662603782629503,-0.2666218860281748,-0.0996384922347755,285.22749999999996,302.3148425376779,268.140157462322,0.1198155334789104,6.067231484011948,29.653518215505642,42.192408838329385,4.575736969858156
688235.SH,2025-11-24,279.99,287.2,277.01,285.08,28948.29,820132.854,2.2232,49.28732975838255,285.71668986016107,286.11584447331535,-0.39915461315428047,-0.29312843145339595,-0.10602618170088451,285.07099999999997,302.1034571333656,268.0385428666343,0.11949624573082253,22.268211920529776,27.191749450513687,37.19218904239082,7.190870266759418
688235.SH,2025-11-25,278.0,287.5,276.1,283.4,28112.13,795832.923,-0.5893,48.25018728251378,285.3602760355209,285.9146708086253,-0.5543947731044341,-0.34538169978360356,-0.20901307332083052,284.991,302.03906252921246,267.9429374707875,0.11963930460409257,19.6500672947509,24.677855398592758,33.020744494458135,7.992077206862007
688235.SH,2025-11-26,283.03,293.29,282.49,285.28,29755.34,856747.549,0.6634,49.530066865971506,285.34792587620996,285.86765815613455,-0.5197322799245967,-0.38025181581180223,-0.13948046411279447,284.7955,301.7358051625388,267.8551948374612,0.11896469686170447,28.9864224818439,26.114044426343135,30.718511138419803,16.905111002189805
688235.SH,2025-11-27,284.38,291.6,284.38,286.81,23239.06,670061.208,0.5363,50.600841669473056,285.57286035679306,285.93746125568015,-0.36460089888709035,-0.3771216324268599,0.012520733539769568,285.046,301.9498450063865,268.1421549936135,0.11860433057391803,40.3086187429431,30.845569198543124,30.76086382512758,31.014979945374208
688235.SH,2025-11-28,285.5,290.25,285.0,289.7,18160.47,523628.661,1.0076,52.644584112811074,286.2078049172864,286.2161678293335,-0.008362912047061855,-0.30336988835090034,0.2950069763038385,284.6935,300.88541684143473,268.5015831585652,0.11374981755069759,51.185547610086445,37.62556200239089,33.04909655088202,46.77849290540864
688235.SH,2025-12-01,289.69,289.71,281.24,288.0,27422.13,779631.388,-0.5868,51.300085176442224,286.48352723770387,286.34830354567913,0.13522369202473783,-0.2156511722757727,0.3508748643005105,284.9685,301.1888566853488,268.7481433146512,0.11383964673533253,69.22629435718429,48.159139453988686,38.08577751858424,68.30586332479757
688235.SH,2025-12-02,284.0,285.8,278.08,279.66,21902.77,614972.412,-2.8958,45.201099969588434,285.4337538165187,285.8528736534066,-0.4191198368879441,-0.25634490519820696,-0.1627749316897371,285.32599999999996,300.7267121913221,269.9252878086778,0.10795169168825945,20.709714950552662,39.00933128617668,38.39362877444839,40.24073630963326
688235.SH,2025-12-03,278.89,281.0,274.03,275.2,18261.45,505710.197,-1.5948,42.304555993199024,283.8593301524389,285.06377190130246,-1.2044417488635872,-0.445964273931283,-0.7584774749323042,285.57149999999996,300.13967665323764,271.0033233467623,0.10202822517819662,6.074766355140254,28.03114297583121,34.93946684157599,14.214495244341634
688235.SH,2025-12-04,278.5,282.4,277.64,280.23,19339.7,541989.568,1.8278,46.47075535255265,283.30097166744827,284.70571472342823,-1.4047430559799636,-0.6377200303410191,-0.7670230256389445,285.70799999999997,300.02001397427836,271.3959860257216,0.10018630191859092,32.1910695742473,29.41778517530324,33.098906286151745,22.055542953606235
688235.SH,2025-12-05,280.23,280.23,276.19,279.25,14158.97,393949.921,-0.3497,45.77718521345458,282.6777452570716,284.30158770687797,-1.623842449806375,-0.8349445142340903,-0.7888979355722847,285.7205,300.0094754356266,271.43152456437343,0.10002065260019202,27.10280373831783,28.646124696308107,31.614645756203863,22.709082576516593
688235.SH,2025-12-08,280.49,281.8,276.14,279.49,22953.54,640687.016,0.0859,45.98978187269792,282.1873229098298,283.9451738026648,-1.7578508928349947,-1.0195257899542713,-0.7383251028807234,285.687,300.0309995817045,271.3430004182955,0.10041758695148542,28.34890965732099,28.547053016645734,30.592114843017818,24.456929363901565
688235.SH,2025-12-09,280.0,282.97,276.21,277.54,22384.95,625521.746,-0.6977,44.46434469679767,281.47235015447137,283.4707164839489,-1.9983663294775056,-1.2152938978589183,-0.7830724316185873,285.664,300.05861482638346,271.2693851736165,0.10078004107191298,19.977233921457245,25.690446651582906,28.95822544587285,19.154889063003026
688235.SH,2025-12-10,276.0,277.27,271.1,276.8,17995.34,493853.27,-0.2666,43.869670437797495,280.75352705378344,282.9765893369897,-2.223062283206275,-1.4168475749283898,-0.8062147082778852,284.823,299.2254415985602,270.42055840143973,0.10113257425531116,29.765013054830263,27.04863545266536,28.321695448137017,24.502515461722034
688235.SH,2025-12-11,278.01,280.53,274.5,274.62,16037.07,445502.526,-0.7876,42.08402995969727,279.8099075070475,282.35758271943496,-2.547675212387446,-1.643013102420201,-0.9046621099672452,283.3245,295.20396543409834,271.44503456590166,0.08385766450905824,18.914562063406716,24.33727765624581,26.99355618417328,19.024720600390864
688235.SH,2025-12-12,274.01,277.48,272.0,276.5,16330.15,449121.536,0.6846,44.19362690379007,279.30069096750174,281.9236877031805,-2.6229967356787824,-1.8390098290719172,-0.7839869066068652,282.2095,292.0870168438194,272.33198315618057,0.07000130643241578,36.734693877550896,28.469749730014172,27.485620699453577,30.438007791135362
688235.SH,2025-12-15,274.65,275.5,269.36,270.54,22603.19,614435.654,-2.1555,39.30564915695889,277.95289235711687,281.080451577019,-3.127559219902139,-2.0967197072379617,-1.0308395126641772,281.1975,291.49378646648563,270.90121353351435,0.07323170701365155,8.670095518001512,21.86986499267662,25.613702130527926,14.382190716974009
688235.SH,2025-12-16,271.1,272.0,264.51,266.01,16629.0,443960.691,-1.6744,36.042608980734634,276.1155243021758,279.96412183057316,-3.848597528397363,-2.447095271469842,-1.4015022569275208,280.0295,291.57639131324675,268.4826086867532,0.082469106385197,8.125677139761631,17.288469041704957,22.838624434253607,6.188158256607657
688235.SH,2025-12-17,266.34,271.69,265.47,271.4,15014.22,403876.068,2.0262,42.19198117755951,275.39005902491795,279.32974243571584,-3.9396834107978975,-2.7456128993354536,-1.194070511462444,279.3985,291.3754316187383,267.42156838126175,0.0857336858912146,37.32394366197168,23.966960581793863,23.21473648343369,25.471408778514203
688235.SH,2025-12-18,270.6,274.61,270.2,271.66,12260.06,333825.182,0.0958,42.479279851397706,274.81620379031517,278.76161336640354,-3.945409576088366,-2.9855722346860363,-0.9598373414023298,278.80249999999995,291.0705852214162,266.5344147785837,0.08800556107937516,38.73239436619729,28.888771843261672,25.106081603376353,36.454152323032304
688235.SH,2025-12-19,272.0,274.88,269.79,274.0,17996.06,490378.165,0.8614,45.12269575038624,274.69063397642054,278.4089012651885,-3.7182672887679473,-3.1321112455024185,-0.5861560432655288,278.5585,291.0035540778227,266.1134459221773,0.08935325310714054,51.408450704225295,36.39533146358288,28.86916489011186,51.44766461052491
688235.SH,2025-12-22,273.8,277.38,273.01,274.3,13780.41,379390.072,0.1095,45.46869658162777,274.6305364415866,278.1045382085079,-3.474001766921276,-3.2004893497861904,-0.2735124171350858,278.0195,290.2194286473295,265.8195713526705,0.08776311479827495,61.111111111111306,44.63392467942569,34.12408481988314,65.6536043985108
688235.SH,2025-12-23,274.99,278.8,273.8,276.83,14860.29,411056.721,0.9223,48.422159210492445,274.96891545057326,278.01012797084064,-3.041212520267379,-3.1686339838824287,0.12742146361504947,277.691,289.6450635768733,265.7369364231266,0.08609615419205774,76.90387016229717,55.39057317371618,41.21291427116081,83.7458909788269
688235.SH,2025-12-24,276.91,279.23,274.74,277.92,13135.19,364140.535,0.3937,49.686490463991326,275.4229284581774,278.00345182485245,-2.5805233666750382,-3.051011860440951,0.4704884937659126,277.323,288.7619616661623,265.8840383338377,0.08249558576939021,91.10054347826087,67.29389660856441,49.906575050295345,102.06853972510254
688235.SH,2025-12-25,277.0,277.56,271.58,273.05,19647.07,537167.074,-1.7523,44.444428080964684,275.05786254153475,277.636529467456,-2.5786669259212545,-2.9565428735370114,0.37787594761575694,276.635,287.34049111437344,265.92950888562655,0.07739795119470382,58.01630434782612,64.20136585498499,54.67150531852523,83.26108692790449
688235.SH,2025-12-26,271.93,276.39,271.16,275.06,18040.22,493195.256,0.7361,46.93294517220775,275.0581913812986,277.44567543282966,-2.3874840515310325,-2.8427311091358156,0.4552470576047831,275.90299999999996,284.78114868088653,267.0248513191134,0.06435702896225536,71.67119565217386,66.6913091207146,58.67810658592168,82.71771419030046
688235.SH,2025-12-29,274.02,277.89,272.0,274.2,20476.81,563065.935,-0.3127,45.98385931891987,274.9261619380219,277.20525503039784,-2.2790930923759447,-2.730003505783842,0.45091041340789717,275.213,282.1577594630719,268.26824053692815,0.050468251594742074,63.44476744186023,65.60912856109648,60.988447244313285,74.85049119466287
688235.SH,2025-12-30,273.0,274.84,268.0,272.0,20649.53,560829.863,-0.8023,43.55726483904511,274.4759831783262,276.8196805837017,-2.343697405375508,-2.652742285702175,0.3090448803266672,274.83000000000004,281.5940549968141,268.06594500318596,0.04922355635712317,35.61887800534277,55.612378375845246,59.196424288157274,48.44428655122118
688235.SH,2025-12-31,271.0,272.7,267.71,268.6,13281.22,357713.639,-1.25,40.040582845547746,273.57198576627604,276.21081535527935,-2.6388295890033078,-2.649959746362402,0.011130157359094284,274.5,281.78368313423397,267.21631686576603,0.053068729575475176,7.725694444444793,39.650150398711766,52.6809996583421,13.5884518794511
688235.SH,2026-01-05,269.0,305.0,269.0,300.89,76172.85,2233163.723,12.0216,67.15894337000356,277.77475718684894,278.0389031067401,-0.2641459198911775,-2.172796981068157,1.9086510611769794,275.533,289.0053243725768,262.0606756274232,0.0977910041452515,88.9782783588093,56.09285971874427,53.81828634514282,60.64200646594716
688235.SH,2026-01-06,301.0,302.0,295.63,298.69,36557.61,1091642.36,-0.7312,65.00183980870167,280.9924868504106,279.5686139877223,1.423872862688313,-1.4534630123168628,2.877335875005176,276.505,293.3041220008645,259.7058779991355,0.12151043923881656,83.07857334406008,65.08809759384954,57.57489009471173,80.11451259212515
688235.SH,2026-01-07,298.8,310.78,298.7,307.93,37640.11,1153302.35,3.0935,69.44135198164926,285.1367196426552,281.66945739603915,3.4672622466160306,-0.4693179605302842,3.9365802071463145,277.927,299.60293698089964,256.2510630191004,0.1559829522205444,93.38286510332026,74.5196867636731,63.22315565103219,97.11274898895493
688235.SH,2026-01-08,312.99,314.88,306.0,307.64,35372.42,1095297.801,-0.0942,69.14489555365209,288.59876277455436,283.59320129262886,5.005561481925497,0.625657927960872,4.379903553964625,279.432,304.6773691595099,254.1866308404901,0.1806906092323707,84.6512613949544,77.89687830743354,68.1143965364993,97.461841849302
688235.SH,2026-01-09,303.93,317.84,297.0,312.99,32729.01,1008512.362,1.739,71.55731982454603,292.3512608092383,285.77074193761933,6.580518871618949,1.8166301166924876,4.7638887549264615,281.2415,310.3632082431635,252.11979175683643,0.20709396190223378,90.32515459804516,82.03963707097074,72.75614338132311,100.606624450266
688235.SH,2026-01-12,316.93,318.1,308.17,313.31,28636.0,893112.254,0.1022,71.69984656012025,295.5756822232016,287.8106869792772,7.764995243924432,3.0063031421388766,4.758692101785555,283.17600000000004,315.2698252004953,251.08217479950483,0.22667051727897297,90.49414566382215,84.85780660192121,76.79003112152247,100.9933575627187
688235.SH,2026-01-13,312.61,319.24,308.93,310.8,36453.41,1141901.091,-0.8011,68.78813865960583,297.9178849580937,289.5135990548863,8.40428590320738,4.085899694352578,4.318386208854803,284.89099999999996,318.9784169745955,250.8035830254044,0.23930146599643765,83.62119153890939,84.44560158091727,79.34188794132073,94.65302886011034
688235.SH,2026-01-14,316.1,318.14,302.51,308.0,36534.95,1135497.618,-0.9009,65.58832202273862,299.4689795799254,290.8829620878577,8.586017492067697,4.985923253895601,3.6000942381720957,286.764,321.5998208744957,251.9281791255043,0.24295811799595282,78.18746361342906,82.35955559175454,80.347777158132,86.38311245899962
688235.SH,2026-01-15,306.0,310.41,304.3,307.0,20468.47,628279.18,-0.3247,64.435497067191,300.6275981060908,292.0768167480164,8.550781358074346,5.69889487473135,2.851886483342996,288.8135,323.3458913304589,254.28110866954106,0.23913280598350797,75.63694267515922,80.1186846195561,80.2714129786067,79.8132279014549
688235.SH,2026-01-16,305.9,311.77,304.01,307.1,20926.03,641924.073,0.0326,64.50268897743388,301.6233522436153,293.18964513705225,8.43370710656302,6.2458573210976835,2.1878497854653363,290.5985,325.0364786137334,256.1605213862666,0.23701415261079034,48.581109699280056,69.60615964613076,76.71632853444807,55.38582186949614
688235.SH,2026-01-19,305.0,306.55,292.77,294.5,33317.73,987861.566,-4.1029,51.34080284818437,300.5274518984437,293.28670846023357,7.240743438210131,6.444834544520174,0.7959088936899574,291.7405,325.08819405820975,258.39280594179024,0.22861203061083227,6.535700793351025,48.58267336187086,67.33844347692232,11.071133131767937
688235.SH,2026-01-20,294.5,297.5,285.61,287.48,25072.48,725324.647,-2.3837,45.74071880301318,298.52015160637546,292.85658190762365,5.6635696987518145,6.288581575366503,-0.6250118766146882,292.4145,324.83265693403865,259.9963430659613,0.22172742414646798,5.560511448111819,34.24195272395119,56.30627989259861,-9.88670161334366
688235.SH,2026-01-21,287.0,294.5,286.69,292.47,20219.58,590137.203,1.7358,49.92215645021241,297.58935905154846,292.8279462107626,4.761412840785852,5.983147828450373,-1.2217349876645214,293.323,324.6600228962478,261.98597710375213,0.21366904672492676,20.398453761522497,29.62745306980829,47.41333761833517,-5.944316027245478
688235.SH,2026-01-22,295.0,295.86,285.0,287.3,20190.62,583457.558,-1.7677,45.96944149333745,296.00638073592563,292.4184687136691,3.587912022256546,5.504100667211608,-1.9161886449550618,293.8465,324.4040570194995,263.2889429805005,0.20798312737772603,6.7172897196262005,21.990731953080928,38.93913572991709,-11.906075600591393
688235.SH,2026-01-23,288.99,292.5,286.01,289.38,21815.11,631522.693,0.724,47.761492615344814,294.98693754578323,292.193396957101,2.7935405886822195,4.96198865150573,-2.1684480628235105,294.4195,324.1803840426484,264.6586159573516,0.20216652798234083,12.79205607476634,18.924506660309397,32.267592706714524,-7.761665432500855
688235.SH,2026-01-26,289.38,290.58,284.14,285.12,25715.76,736760.627,-1.4721,44.505694497136524,293.4689471541243,291.6694416269454,1.7995055271788942,4.329492026640363,-2.5299864994614687,295.023,323.4873356500721,266.55866434992794,0.19296350216811628,2.882352941176524,13.577122087265108,26.03743583356472,-11.34350540533412
688235.SH,2026-01-27,285.49,287.5,279.55,285.75,18016.18,510235.239,0.221,45.101705209818626,292.2814168227206,291.2309644693939,1.0504523533267047,3.6736840919776315,-2.6232317386509267,295.5575,322.8809162395548,268.23408376044523,0.18489408145321823,19.242706393544363,15.465650189358193,22.51350728549588,1.3699359970828198
688235.SH,2026-01-28,285.0,290.16,284.6,288.99,23666.07,680307.687,1.1339,48.18389617795607,291.7750450038405,291.0649671012907,0.7100779025498127,3.0809628540920677,-2.370884951542255,296.29699999999997,322.02207500474907,270.57192499525087,0.17364384387792725,29.298572315332112,20.0766242313495,21.70121293411375,16.827446825820992
688235.SH,2026-01-29,289.28,292.0,283.7,285.78,20279.58,581852.652,-1.1108,45.460684713440244,290.852730387865,290.6734880567506,0.1792423311143807,2.5006187494965304,-2.3213764183821497,296.986,320.733278075602,273.23872192439796,0.15992186888002818,23.07407407407393,21.07577417892431,21.492733349050603,20.241855838671725
688235.SH,2026-01-30,287.78,290.79,277.12,277.26,27178.45,767219.383,-2.9813,39.13805262697481,288.76154109742424,289.67989634884316,-0.9183552514189159,1.816823949313441,-2.735179200732357,297.419,319.3245535424232,275.5134464575768,0.14730433188480366,0.686947988223682,14.279498782024103,19.088321826708437,4.66185269265543
688235.SH,2026-02-02,277.0,278.3,268.68,269.0,24078.15,658873.487,-2.9792,34.17553166922687,285.7213040055128,288.1480521748548,-2.426748169341977,0.9681095255823575,-3.394857694924334,295.8245,320.90042269488737,270.74857730511263,0.1695324267928273,1.1773362766739996,9.912111280240737,16.02958497788587,-2.322836115049533
688235.SH,2026-02-03,272.87,274.88,267.52,273.4,23960.42,651239.748,1.6357,38.63881245867677,283.82571877389546,287.05560386560626,-3.2298850917107984,0.12851060212372634,-3.3583956938345247,294.56000000000006,321.4176894017331,267.702310598267,0.18235802146749772,20.748059280169333,13.524093946883601,15.194421300885114,10.183439238880574
688235.SH,2026-02-04,273.15,279.9,270.05,277.63,21320.27,584533.462,1.5472,42.66383108799869,282.87253127021927,286.35741098667245,-3.484879716453179,-0.5941674615916548,-2.890712254861524,293.04499999999996,320.13241737412335,265.95758262587657,0.18486865412563527,40.47237790232188,22.506855265363026,17.63189928904442,32.256767218000235
688235.SH,2026-02-05,277.06,279.79,273.13,275.6,19800.4,545405.887,-0.7312,41.26490321470497,281.75368030557013,285.56056572840043,-3.8068854228303053,-1.236711053839385,-2.57017436899092,291.443,318.6776353748303,264.2083646251697,0.186895107275387,33.006535947712564,26.006748826146207,20.423515801411682,37.17321487561526
688235.SH,2026-02-06,274.0,275.5,270.71,272.5,14113.83,385775.557,-1.1248,39.153568161699575,280.33003718163627,284.5931164151856,-4.26307923354932,-1.841984689781372,-2.4210945437679476,289.4185,315.95609165787187,262.8809083421281,0.18338559323520695,20.343137254902018,24.118878302398144,21.655303301740503,29.046028303713427
688235.SH,2026-02-09,275.56,280.85,273.58,276.93,18465.14,510521.873,1.6257,43.59497767466369,279.80695453830765,284.02547816220886,-4.218523623901206,-2.317292476605339,-1.9012311472958667,287.5995,312.25797722386653,262.9410227761334,0.1714778866017956,38.439542483660205,28.8924330294855,24.0676798776555,38.54193933314549
688235.SH,2026-02-10,276.93,291.67,274.32,286.02,36995.12,1056394.392,3.2824,51.429353907480184,280.7628076862603,284.17322052056375,-3.410412834303429,-2.5359165481449573,-0.8744962861584717,286.3605,308.60339412374077,264.11760587625923,0.1553488984950143,75.57189542483654,44.45225382793584,30.86253786108228,71.63168576164297
688235.SH,2026-02-11,286.0,290.0,284.56,287.25,16111.71,462572.293,0.43,52.39292564507276,281.7608372729895,284.4011301116331,-2.6402928386436315,-2.5567918062446924,-0.08350103239893913,285.323,305.24648774687654,265.3995122531234,0.13965567267186005,81.69772256728774,56.86741007438647,39.53082859885034,91.54057302545873
688235.SH,2026-02-12,287.01,290.32,281.42,282.7,16009.34,454536.66,-1.584,48.55550328884797,281.9053238463757,284.2751204737344,-2.369796627358653,-2.5193927704674848,0.14959614310883174,284.108,301.3833588674718,266.8326411325282,0.1216112102965902,62.8571428571428,58.86398766863858,45.97521495544642,84.64153309502291
688235.SH,2026-02-13,282.16,285.88,279.14,279.62,11203.07,316227.013,-1.0895,46.09435007782633,281.5537355623179,283.93029673493925,-2.3765611726213365,-2.4908264508982554,0.1142652782769189,282.73400000000004,296.4885823637046,268.97941763629547,0.09729698135848232,50.103519668737086,55.943831668671415,49.29808719318808,69.23532061963809
688235.SH,2026-02-24,285.9,287.49,280.0,280.18,20813.9,589106.661,0.2003,46.62409576465703,281.3423916296536,283.6524969767956,-2.3101053471419846,-2.4546822301470015,0.14457688300501692,282.018,294.6969094168201,269.3390905831798,0.08991560408782523,46.854764107308014,52.914142481550286,50.50343895597548,57.73554953269988
688235.SH,2026-02-25,280.19,281.5,276.6,279.22,18392.89,512769.648,-0.3426,45.793283654294115,281.0158698404761,283.32416386740334,-2.3082940269272285,-2.425404589503047,0.11711056257581864,281.605,294.0818401448416,269.12815985515846,0.0886123481105915,40.6011450381681,48.80981000042289,49.93889597079129,46.5516380596861
688235.SH,2026-02-26,275.0,276.62,263.01,263.44,47813.42,1281326.136,-5.6515,34.81221700339479,278.31188986501826,281.85126284018827,-3.5393729751700107,-2.64819826663644,-0.8911747085335708,280.1535,293.9240457771261,266.38295422287393,0.09830714788232932,1.5003489183531278,33.03998963973298,44.30592719377186,10.508114531655224
688235.SH,2026-02-27,258.33,262.39,251.0,257.7,31721.36,818735.718,-2.1789,31.822899371188726,275.1408298857847,280.06228040758174,-4.921450521797055,-3.102848717668563,-1.8186018041284924,278.6735,295.15026457924677,262.1967354207532,0.11825139153343807,16.474059503319367,27.51801292759511,38.70995577171294,5.134127239359444
688235.SH,2026-03-02,253.82,259.2,250.19,250.84,40396.43,1019043.261,-2.662,28.655877908549982,271.402240672587,277.8976670440572,-6.49542637147016,-3.7813642484288827,-2.714062123041277,276.7465,296.46059067139333,257.0324093286067,0.14247038839799822,1.5670202507232531,18.86768203530449,32.09586452624346,-7.588682946573449
688235.SH,2026-03-03,251.88,254.36,233.41,234.99,54785.94,1316740.326,-6.3188,22.96827282734897,265.80035749218905,274.71932133709004,-8.918963844900986,-4.808884167723304,-4.110079677177683,274.24,300.66372343179347,247.81627656820655,0.1927051008736396,2.7763134774205103,13.50389251600983,25.898540522832253,-11.28540349763501
688235.SH,2026-03-04,234.47,236.83,228.28,231.26,30286.3,702047.792,-1.5873,21.868268577386488,260.4864563395446,271.5001123491574,-11.013656009612816,-6.049838536101207,-4.963817473511609,271.51550000000003,303.3192988139767,239.71170118602336,0.2342687530839061,4.803352675693085,10.603712569237583,20.800264538300695,-9.78939136888864
688235.SH,2026-03-05,235.0,239.98,232.1,237.12,33514.3,793448.035,2.5339,27.724654260674924,256.89161690269157,268.95343736033095,-12.061820457639385,-7.252234920408843,-4.809585537230542,268.922,302.9824624748387,234.8615375251613,0.2533110900174675,14.929910488093231,12.045778542189465,17.882102539596954,0.3731305473744868
688235.SH,2026-03-06,236.26,242.1,235.34,238.49,31446.57,752039.681,0.5778,29.06334591597647,254.0605989176621,266.6968864447509,-12.636287527088768,-8.329045441744828,-4.30724208534394,266.5575,302.1402845312855,230.97471546871452,0.26698017899541737,17.243708832967418,13.778421972448783,16.514209017214228,8.306847882917893
688235.SH,2026-03-09,233.5,234.0,229.95,232.89,27868.32,646374.998,-2.3481,26.872319208947687,250.80358369956025,264.1926726340286,-13.389088934468361,-9.341054140289536,-4.048034794178825,264.33900000000006,302.4210035712394,226.25699642876074,0.2881300418874197,8.662157083803054,12.073000342900206,15.03380612577622,6.151388777148178
688235.SH,2026-03-10,235.77,245.78,235.7,245.2,35032.42,851040.694,5.2858,37.94674758947142,249.9414938996279,262.78580799447093,-12.844314094843043,-10.041706131200238,-2.8026079636428047,263.149,302.0525972115675,224.24540278843253,0.2956773327017582,35.00206868018201,19.71602312199414,16.594545124515527,25.95897911695137
688235.SH,2026-03-11,245.86,246.75,237.6,238.09,31140.88,748170.417,-2.8997,34.68000509171853,248.118187145839,260.9564888837694,-12.838301737930408,-10.601025252546272,-2.237276485384136,261.3835,301.45338908145214,221.3136109185479,0.3065984584447918,28.75989445910292,22.7306469010304,18.639912383353817,30.91211593638357
688235.SH,2026-03-12,238.09,238.74,232.0,233.84,23606.77,553489.846,-1.785,32.85904950567229,245.92154296955607,258.94786007756426,-13.026317108008186,-11.086083623638656,-1.9402334843695304,259.194,300.24713016080347,218.14086983919657,0.31677531239769013,17.981888745148787,21.14772751573653,19.475850760814723,24.491481025580143
688235.SH,2026-03-13,231.31,231.82,227.0,228.68,30998.14,709724.202,-2.2066,30.748072275334877,243.2689978973167,256.70579636811505,-13.436798470798351,-11.556226593070596,-1.8805718777277551,256.848,299.22410298269375,214.47189701730628,0.3299702780063986,6.140350877193004,16.14526863622202,18.36565671928382,11.704492470098423
688235.SH,2026-03-16,228.64,232.46,221.56,231.3,30832.79,701640.933,1.1457,33.09825835255134,241.4276136054218,254.82388552603246,-13.396271920610644,-11.924235658578606,-1.472036262032038,254.788,297.9192270170912,211.6567729829088,0.3385656076195991,38.66613735609373,23.652224876179254,20.12784610491563,30.70098241870651
688235.SH,2026-03-17,230.88,243.0,229.2,236.74,38579.3,918961.247,2.3519,37.81698125795625,240.70644228151076,253.48433845003004,-12.777896168519277,-12.09496776056674,-0.6829284079525362,252.77849999999998,295.3371984175956,210.2198015824044,0.33672720122633526,60.262008733624484,35.85548616199433,25.370392790608527,56.82567290476594
688235.SH,2026-03-18,237.0,242.2,235.08,238.5,25024.08,597775.838,0.7434,39.308448579003695,240.3669896228168,252.37438745373152,-12.007397830914726,-12.07745377463634,0.07005594372161283,250.4025,290.50782327509467,210.29717672490534,0.3203268599562278,67.24890829694323,46.31996020697729,32.35358192939812,74.25271676213563
688235.SH,2026-03-19,235.07,238.5,233.77,235.0,21569.72,507871.599,-1.4675,37.38795141491682,239.5412989116142,251.08739579049217,-11.546096878877961,-11.971182395484664,0.42508551660670335,247.79000000000002,284.6279706281419,210.95202937185815,0.29733218150968055,53.35450575625248,48.66480872340236,37.79065752739953,70.41311111540801
688235.SH,2026-03-20,235.0,237.8,227.57,227.57,23751.0,550792.884,-3.1617,33.631486920245266,237.6995606175197,249.34536647267794,-11.645805855158244,-11.90610708741938,0.26030123226113666,245.0335,279.160776055962,210.906223944038,0.27855192090846354,23.858674077014655,40.39609717460646,38.65913740980184,43.870016704215686
688235.SH,2026-03-23,225.01,226.5,213.33,215.51,40831.98,896756.624,-5.2995,28.607281520639987,234.2857820609782,246.83904303025736,-12.553260969279165,-12.035537863791339,-0.5177231054878266,241.82799999999997,274.36493691790656,209.29106308209342,0.26909156026520153,6.523040095750986,29.105078148321304,35.47445098930833,16.36633246634726
688235.SH,2026-03-24,219.6,221.95,215.42,221.11,38170.66,836706.837,2.5985,33.5699078411901,232.25873866698157,244.93318799097904,-12.674449323997464,-12.163320155832565,-0.5111291681648993,238.87450000000004,267.43026192294343,210.31873807705662,0.23908589592395504,26.22177283451299,28.143976377051864,33.03095945188951,18.370010227376568
688235.SH,2026-03-25,222.0,226.0,219.37,220.17,30601.24,680674.856,-0.4251,33.15331753634483,230.39893271821518,243.09887776942503,-12.699945051209852,-12.270645134908024,-0.4292999163018276,235.92200000000003,258.8344923131426,213.00950768685743,0.1942378609298208,23.05358948432753,26.44718074614375,30.836366549974255,17.66880913848275
688235.SH,2026-03-26,220.5,226.85,215.27,216.49,34947.75,770810.257,-1.6714,31.504991838487115,228.25909691541284,241.12784978650464,-12.8687528710918,-12.39026668214478,-0.47848618894702,233.5745,254.23876236282854,212.91023763717146,0.1769393693474976,10.650488709133798,21.1816167338071,27.61811661125187,8.308616978917556
688235.SH,2026-03-27,215.43,235.5,215.43,232.69,61318.85,1398635.488,7.483,44.57007568130749,228.94077431304163,240.5028238763932,-11.562049563351565,-12.224623258386139,0.662573695034574,232.32399999999998,249.77407896829723,214.87392103170274,0.15022192255898872,65.25109538254127,35.871442950051815,30.369225390851852,46.87587806845174
688235.SH,2026-03-30,230.52,243.0,230.52,235.3,59171.77,1409715.544,1.1217,46.345766900871645,229.91911672641982,240.11742951517888,-10.198312788759068,-11.819361164460727,1.6210483757016583,231.54699999999997,246.8862699956617,216.20773000433823,0.1324937917197091,74.04785979103474,48.59691523037945,36.44512200402772,72.9005016830829
688235.SH,2026-03-31,237.99,241.88,232.69,233.59,31234.96,738044.909,-0.7267,45.32137410217333,230.48386799927832,239.63391621775824,-9.150048218479924,-11.285498575264565,2.1354503567846415,231.477,246.76547683714136,216.18852316285864,0.13209499723204776,68.2844624199528,55.15943096023723,42.6832249894309,80.11184290184991
688235.SH,2026-04-01,238.51,253.16,238.03,249.9,61718.09,1522959.684,6.9823,55.43853084661629,233.47096523015858,240.39436686829467,-6.923401638136085,-10.41307918783887,3.489677549702785,232.40899999999996,249.67558611306268,215.14241388693725,0.14858793001185597,91.81521466231486,67.37802552759644,50.914825168819405,100.3044262451505
688235.SH,2026-04-02,249.8,252.98,244.9,249.25,44806.37,1116565.908,-0.2601,55.001752107847615,235.8985090409034,241.05033969286544,-5.15183065196203,-9.3608294806635,4.208998828701471,233.01549999999997,251.69567074332593,214.33532925667402,0.16033414724192993,90.18327893547577,74.97977666355621,58.936475667065004,107.06637865653862
688235.SH,2026-04-03,243.02,244.46,238.0,239.29,37440.6,901394.217,-3.996,48.67363866463037,236.42027688076442,240.9199441600606,-4.499667279296176,-8.388597040390037,3.888929761093861,233.0555,251.78574877036638,214.3252512296336,0.1607363805648559,63.39403536553178,71.11786289754806,62.99693807722602,87.35971253819216
688235.SH,2026-04-07,239.4,242.21,233.72,237.12,26266.69,624793.098,-0.9068,47.394232883636114,236.52792659141608,240.63846681487092,-4.110540223454848,-7.5329856770029995,3.4224454535481517,233.26699999999997,252.08034218047953,214.4536578195204,0.161303074849675,57.666930588545796,66.63421879454731,64.20936498299979,71.48392641764235
688235.SH,2026-04-08,241.86,246.92,240.0,245.88,41738.79,1018419.653,3.6943,52.78915661656229,237.9667071158136,241.0267285322879,-3.0600214164743136,-6.638392824897263,3.5783714084229494,233.301,252.2027320899385,214.39926791006147,0.16203730022536142,80.78648719978885,71.35164159629448,66.59012385409802,80.8746770806874
688235.SH,2026-04-09,243.86,247.68,242.0,242.56,24480.29,598337.892,-1.3503,50.668320449210114,238.67336755953457,241.14030419656285,-2.466936637028283,-5.804101587323467,3.3371649502951843,233.5245,252.75038304863554,214.29861695136444,0.16465838101471625,71.90564537503313,71.5363095225407,68.23885241024558,78.13122374713095
688235.SH,2026-04-10,242.62,247.87,242.56,244.12,24564.57,602011.499,0.6431,51.65124213415939,239.51131101191388,241.36102240422485,-1.8497113923109794,-5.01322354832097,3.1635121560099906,234.03850000000003,253.81249329927604,214.264506700724,0.16898068735935337,60.07067137809189,67.71443014105776,68.06404498718298,67.01520044880732
688235.SH,2026-04-13,242.9,245.2,239.9,241.95,21247.07,514991.969,-0.8889,50.15424646679226,239.88649393315788,241.40465037428226,-1.5181564411243755,-4.314210126881651,2.7960536857572755,234.702,254.6023905489268,214.8016094510732,0.1695800679067651,45.236932095749836,60.221930792621784,65.45000692232925,49.765778533206856
688235.SH,2026-04-14,241.94,244.18,238.05,242.07,32171.9,773618.156,0.0496,50.240133021097286,240.2224179434413,241.45393553174281,-1.2315175883015286,-3.697671619165627,2.4661540308640983,235.24049999999997,255.32552872788125,215.1554712721187,0.17076165649946573,42.95267489711932,54.465512160787625,61.788508668482045,39.819519145398786
688235.SH,2026-04-15,257.01,259.0,246.8,254.4,60918.43,1537333.931,5.0936,58.20822509489433,242.4035844136811,242.41290327013223,-0.009318856451130841,-2.960001066622728,2.950682210171597,236.1235,257.87797565444447,214.36902434555554,0.18426353712734617,81.80379746835446,63.57827392997657,62.38509708898022,65.96462761196926
688235.SH,2026-04-16,255.0,257.7,249.6,256.99,45791.58,1164786.95,1.0181,59.669169433803695,244.64764835003785,243.4926882130854,1.154960136952468,-2.1370088259076887,3.2919689628601567,237.048,260.6232205503961,213.47277944960388,0.19890672395798425,92.04905063291143,73.06853283095485,65.94624233630509,87.31311382025439
688235.SH,2026-04-17,255.0,255.0,245.2,246.5,45293.63,1123443.51,-4.0819,51.774733046295644,244.93262552695512,243.71545204915316,1.217173477801964,-1.4661723651657583,2.6833458429677224,237.623,261.52901857273224,213.7169814272677,0.2012096352014095,50.55379746835443,65.56362104342138,65.81870190534386,65.0534593195764
688235.SH,2026-04-20,247.6,250.18,244.48,245.2,28328.05,697157.636,-0.5274,50.87639454958466,244.9737600612697,243.82541856403068,1.1483414972390165,-0.9432695926848035,2.09161108992382,238.5045,262.16161687843265,214.84738312156736,0.19837878847931711,34.12887828162282,55.08537345615519,62.2409257556143,40.77426885723696
688235.SH,2026-04-21,244.46,245.88,238.98,240.1,27002.53,650626.91,-2.0799,47.40161849190661,244.22395082107437,243.54946163336174,0.6744891877126236,-0.6197178366053181,1.2942070243179415,239.734,260.9088014394427,218.55919856055732,0.1766524684812558,9.785202863961738,39.98531659209071,54.822389367773106,10.311171040725924
688235.SH,2026-04-22,239.01,242.12,238.1,241.19,22717.58,544679.604,0.454,48.21566626376691,243.7571891562937,243.37468669755717,0.3825024587365249,-0.4192737775369495,0.8017762362734744,240.73799999999997,260.1130732643731,221.36292673562684,0.16096397963240644,14.9880668257756,31.652900003319008,47.09922624628841,0.7602475173802077
688235.SH,2026-04-23,240.0,242.12,233.48,234.32,31079.2,736288.354,-2.8484,43.63214741604504,242.30531390147928,242.70396916440478,-0.3986552629255016,-0.41515007461465997,0.016494811689158395,241.44550000000004,258.67979310995463,224.21120689004545,0.14275928199079785,3.2915360501567523,22.19911201893159,38.7991881705028,-11.00104028421083
688235.SH,2026-04-24,233.01,237.68,229.98,234.86,24151.47,564859.395,0.2305,44.08211712132094,241.1598809935594,242.12293441148591,-0.9630534179265169,-0.5247307432770314,-0.4383226746494855,242.36399999999998,255.69684125758005,229.0311587424199,0.11002328116040395,16.81598897312206,20.404737670328412,32.66770467044467,-4.121196329904109
688235.SH,2026-04-27,234.0,236.77,231.6,235.0,18193.42,426080.735,0.0596,44.206469640277476,240.21220699455026,241.59530964026476,-1.3831026457145015,-0.6964051237645255,-0.686697521949976,242.4795,255.51175763249907,229.44724236750093,0.10749162409604991,17.29841488628535,19.36929674231406,28.23490202773447,1.6380861714732333
688235.SH,2026-04-28,236.5,243.4,233.0,233.01,31281.03,745963.389,-0.8468,42.751140270552156,239.10417514923483,240.95936077802293,-1.8551856287880923,-0.9281612247692389,-0.9270244040188534,242.365,255.68462987473114,229.04537012526887,0.10991380665303269,10.930735930735935,16.556443138454686,24.342082397974544,0.9851646194149737
688235.SH,2026-04-29,234.96,237.6,231.0,236.31,22199.66,522067.096,1.4162,45.93004156494925,238.67430204935255,240.61496368335457,-1.9406616340020264,-1.1306613066157964,-0.81000032738623,242.50099999999998,255.51142028528784,229.4905797147121,0.10730199286013554,25.29976019184656,19.470882156251974,22.71834898406702,12.975948500621882
688235.SH,2026-04-30,236.0,237.97,232.05,234.8,25361.15,594882.28,-0.639,44.706747226766375,238.0782555802214,240.18422563273572,-2.105970052514323,-1.3257230557955018,-0.780246996718821,241.746,254.7037380742099,228.78826192579012,0.1072012614414293,23.86138613861395,20.934383483705965,22.123693817280003,18.555762816557888
688235.SH,2026-05-06,234.07,246.97,231.02,246.86,51405.51,1230410.384,5.1363,55.01252530979058,239.42929318326426,240.67872743771827,-1.2494342544540018,-1.3104652955272018,0.06103104107320001,241.62650000000002,254.34713091988084,228.9058690801192,0.10529168712770179,99.35256032960574,47.07377576567255,30.440387800077517,80.3405516968626
688235.SH,2026-05-07,255.0,262.0,252.21,254.4,61241.2,1571178.345,3.0544,60.028628054515096,241.73247884737745,241.69511799788728,0.03736084949017027,-1.0409000665237276,1.0782609160138978,242.382,256.20487755859216,228.55912244140788,0.11405861457197432,76.264834478451,56.80412866993203,39.22830142336235,91.95578316307137
688235.SH,2026-05-08,254.4,257.4,247.0,247.5,40596.6,1016486.128,-2.7123,54.08546304195909,242.61978979393479,242.12510925730305,0.4946805366317335,-0.7337839458926354,1.228464482524369,242.901,256.6740009801725,229.12799901982757,0.11340423448378108,54.71580262336041,56.10801998774149,44.85487427815539,78.61431140691369
688235.SH,2026-05-11,247.5,264.5,243.88,262.08,62284.49,1581724.091,5.8909,62.52778408403991,245.61366828717559,243.60324931231764,2.0104189748579415,-0.18494336174252002,2.1953623366004615,243.711,259.8002223553481,227.6217776446519,0.13203525778769207,92.98957126303587,68.40187041283961,52.7038729897168,99.79786525908523
688235.SH,2026-05-12,259.68,276.01,254.52,267.98,70620.81,1869074.641,2.2512,65.30765412478905,249.05464239684088,245.40893454844226,3.645707848398615,0.5811868802857071,3.064520968112908,244.98199999999997,264.2156482238767,225.74835177612326,0.15702090948622127,82.15952010664303,72.98775364410741,59.46516654118034,100.03292784996157
688235.SH,2026-05-13,269.0,269.0,259.3,260.8,50694.71,1322712.682,-2.6793,59.52081872330206,250.8616204896346,246.54901347077987,4.31260701885472,1.3274709079995097,2.9851361108552106,245.81599999999997,266.23766046137865,225.39433953862127,0.16615403766539766,66.20750944234618,70.72767224352033,63.219335108627,85.74434651330701
688235.SH,2026-05-14,262.0,265.2,249.05,249.7,45478.08,1163403.388,-4.2561,51.86894678403822,250.68290964507543,246.78241988035174,3.9004897647236874,1.8420746793443454,2.058415085379342,246.2035,266.6111331552642,225.79586684473577,0.16577857873884183,41.54632303932458,61.00055584212175,62.479742019791914,58.042183486781425
688235.SH,2026-05-15,249.71,254.63,247.41,252.02,36559.77,916962.377,0.9291,53.222530770911256,250.88861585352535,247.17038877810347,3.718227075421879,2.217305158559852,1.5009219168620271,246.70100000000002,267.16635208589975,226.2356479141003,0.16591219399921137,46.677039342076036,56.22605034210651,60.39517812723011,47.88779477185932
688235.SH,2026-05-18,248.9,248.9,238.0,239.2,46217.21,1111574.295,-5.0869,45.59232415496313,249.0903672606753,246.57998960935507,2.5103776513202263,2.275919657111927,0.23445799420829916,245.94099999999997,266.3350755122618,225.54692448773812,0.16584526786718645,18.18181818181814,43.54463962201039,54.77833195882354,21.07725494838411
688235.SH,2026-05-19,238.59,242.46,235.58,239.97,30437.26,726919.491,0.3219,46.092220091386736,247.68723383595602,246.09036074940286,1.5968730865531597,2.140110343000174,-0.5432372564470143,245.09,264.98311438663734,225.1968856133627,0.1623331379218844,10.858273559238162,32.649184267752986,47.40194939513336,3.1436540129922435
688235.SH,2026-05-20,239.98,248.21,239.2,243.98,37158.68,903781.711,1.671,48.73394541002173,247.11689016888585,245.9340377309286,1.1828524379572514,1.9486587619915896,-0.7658063240343382,244.964,264.85171721439735,225.07628278560267,0.16237257078099102,20.77665100173134,28.691673179079103,41.16519065644861,3.7446382243400933
688235.SH,2026-05-21,247.0,261.47,247.0,251.96,69364.14,1773963.279,3.2708,53.6062952988486,247.86198398905725,246.38040530641535,1.4815786826418957,1.8552427461216507,-0.373664063479755,245.302,265.42268547539663,225.18131452460338,0.16404827906333114,40.514469453376215,32.632605270511476,38.3209955278029,21.25582475592863
688235.SH,2026-05-22,254.0,254.61,243.06,244.57,46175.31,1136896.332,-2.933,48.965181948962254,247.35552491381767,246.24630120964386,1.1092237041738144,1.7060389377320835,-0.596815233558269,245.52550000000002,265.5089226047451,225.54207739525492,0.16278083217217845,22.23596339351963,29.16705797818086,35.26968301126222,16.961807912018145
688235.SH,2026-05-25,244.4,245.25,238.02,241.71,37397.27,898229.263,-1.1694,47.259864896752234,246.48698261938418,245.9102788978184,0.5767037215657922,1.4801718944988254,-0.9034681729330332,245.55150000000003,265.5136334280642,225.58936657193587,0.16259019739699554,18.34230999401555,25.55880865012576,32.0327248908834,12.610976168610478
688235.SH,2026-05-26,240.1,244.69,238.0,244.08,37114.35,897859.287,0.9805,48.84963205329741,246.1166776010174,245.77470268316517,0.34197491785221246,1.2525324991695028,-0.9105575813172904,246.0395,265.34592222162973,226.73307777837027,0.15693758296232704,28.69682646860232,26.604814589617945,30.22342145712825,19.367600854597335
688235.SH,2026-05-27,240.03,243.0,235.03,239.38,38762.14,925425.977,-1.9256,45.89507384309511,245.0802656623993,245.3010210029307,-0.22075534053138313,0.9578749312293255,-1.1786302717607087,246.26550000000003,265.14424940243237,227.3867505975677,0.15332029376776146,16.452344931921292,23.220658037052395,27.889166983769634,13.88364014361791
688235.SH,2026-05-28,239.0,241.92,231.1,233.25,35472.64,832218.956,-2.5608,42.301440908109484,243.26022479126095,244.40835278049138,-1.1481279892304315,0.5366743471373742,-1.6848023363678055,246.17800000000003,265.27969898202355,227.0763010179765,0.1551860765951752,7.079354626275941,17.84022356679358,24.53951917811095,4.441632344158833
688235.SH,2026-05-29,232.27,245.3,226.6,243.9,61359.48,1455400.004,4.5659,49.674231131661195,243.35865174645159,244.3706970189735,-1.0120452725219025,0.22693042320551882,-1.2389756957274214,246.7225,264.8897120866092,228.55528791339077,0.1472683852231493,49.612847720103225,28.431098284563458,25.83671221359512,33.61987042650013
688235.SH,2026-06-01,241.3,248.88,233.3,234.62,51620.35,1241620.989,-3.8048,44.355615873744306,242.01424378545903,243.64842316571617,-1.6341793802571374,-0.14529153748701243,-1.4888878427701249,246.638,265.0126865007227,228.26331349927733,0.1490012609632147,22.99971322053342,26.620636596553446,26.098020341247896,27.66586910716454
688235.SH,2026-06-02,232.0,232.0,218.89,220.82,57455.99,1278766.682,-5.8819,37.86327402063748,238.7535908953884,241.9574288571446,-3.203837961756193,-0.7570008223408485,-2.4468371394153445,245.939,266.9380684555253,224.9399315444747,0.17076647831800004,4.5326444340065875,19.257972542371164,23.818004408288985,10.13790881053552
688235.SH,2026-06-03,218.98,225.97,217.39,222.41,30978.05,687199.516,0.72,38.97165002513773,236.23919229609788,240.50947116402278,-4.270278867924901,-1.4596564314576592,-2.810622436467242,244.7165,268.0732114765721,221.35978852342788,0.19088791705154426,13.48737238044064,17.33443915506099,21.65681599054632,8.689685484090333
688235.SH,2026-06-04,224.69,231.1,222.22,223.98,29581.01,668783.28,0.7059,40.10769875522131,234.35316271208282,239.2850658926137,-4.931903180530867,-2.154105781272301,-2.777797399258566,243.19549999999998,267.7623202867166,218.62867971328336,0.202033510379235,20.927278501111466,18.53205227041115,20.615228083834598,14.365700643564253
688235.SH,2026-06-05,226.99,228.88,219.69,220.18,32870.48,734520.364,-1.6966,38.25167138548486,232.17267614099316,237.86987582649417,-5.697199685501005,-2.862724562118042,-2.834475123382963,241.8295,268.25489950501844,215.40410049498155,0.2185457068307915,8.85995554144179,15.308020027421364,18.846158731696853,8.231742618870385
688235.SH,2026-06-08,215.17,222.0,213.61,214.57,28866.2,625609.517,-2.5479,35.6302353176152,229.4645721193019,236.1439590986057,-6.679386979303814,-3.6260570455551964,-3.0533299337486177,239.454,266.69971995745067,212.20828004254938,0.22756537754600586,2.7218599376239867,11.112633330822238,16.268316931405316,0.801266129656085
688235.SH,2026-06-09,215.12,217.51,209.11,213.9,28381.04,604837.872,-0.3123,35.31892539710208,227.07002256248623,234.4962584246349,-7.426235862148673,-4.386092808873892,-3.0401430532747806,236.75,262.84478185384614,210.65521814615386,0.22044166296807724,12.044254463163174,11.423173708269216,14.65326919035995,4.962982744087746
688235.SH,2026-06-10,212.8,215.13,207.13,213.34,33396.14,707227.451,-0.2618,35.04332648277952,224.9577113990268,232.92912817095825,-7.971416771931445,-5.103157601485403,-2.8682591704460414,234.377,259.9179131395064,208.8360868604936,0.2179472656404546,14.874251497006007,12.573532971181479,13.960023783967127,9.800551345610181
688235.SH,2026-06-11,210.01,212.49,205.51,208.0,33812.29,704239.152,-2.503,32.44354837872801,222.34883272225346,231.0825260842206,-8.733693361967141,-5.829264753581751,-2.9044286083853903,232.292,259.25752806825426,205.32647193174577,0.23216923586050525,5.741295826608274,10.296120589657079,12.738722719197112,5.410916330577013
688235.SH,2026-06-12,209.05,216.88,206.48,216.36,41994.05,894397.012,4.0192,39.95397985893013,221.42747384190676,229.99196859650056,-8.564494754593795,-6.37631075378416,-2.1881840008096356,230.50900000000001,256.72636592413136,204.29163407586867,0.22747368583553215,40.95885239713106,20.5170311921484,15.331492210180874,30.888109156083456
688235.SH,2026-06-15,216.35,219.3,213.01,216.78,29013.31,625808.204,0.1941,40.3129890644703,220.7124778662288,229.01330425601904,-8.300826389790245,-6.761213880985377,-1.5396125088048684,229.388,255.93821853017033,202.83778146982968,0.23148742331918257,44.040640875341964,28.358234419879587,19.67373961341378,45.72722403281121
688235.SH,2026-06-16,215.88,217.69,211.37,213.31,28865.28,616258.035,-1.6007,38.27678331906695,219.57363511757822,227.85009653335095,-8.27646141577273,-7.064263387942848,-1.2121980278298814,228.055,255.01999990728348,201.09000009271654,0.23647804176434167,30.480656506447872,29.065708448735684,22.804395891854412,41.588333562498235
688235.SH,2026-06-17,213.39,215.33,210.5,211.72,32776.11,695154.708,-0.7454,37.34594878353501,218.36538356102773,226.65527456791756,-8.289891006889832,-7.3093889117322455,-0.9805020951575862,226.442,253.26269096797833,199.62130903202168,0.23688795336535026,26.5725288831836,28.234648593551658,24.614480125753495,35.474985529147986
688235.SH,2026-06-18,211.17,223.32,211.17,218.22,54702.06,1190341.911,3.0701,43.4051438024516,218.34301685933116,226.03043941473845,-7.687422555407295,-7.384995640467256,-0.3024269149400389,224.75500000000002,249.07067765865864,200.4393223413414,0.21637496526136116,71.36440202133636,42.611233069479894,30.613397773662296,66.6069036611151
688235.SH,2026-06-22,217.2,228.88,212.11,228.79,62391.0,1375550.058,4.8437,51.60187388311341,219.95024503481866,226.23485130994302,-6.284606275124361,-7.164917767398678,0.8803114922743172,223.96599999999998,246.6263507475014,201.30564925249857,0.2023552748854863,99.61489088575095,61.61245234157024,40.94641596296494,102.94452509878083
688235.SH,2026-06-23,227.18,234.7,225.67,228.0,53929.73,1244042.016,-0.3453,51.00726350468172,221.1886688756158,226.36560306476207,-5.176934189146266,-6.767321051748196,1.59038686260193,223.2805,244.53835922899543,202.02264077100455,0.19041393430232773,77.0469338814663,66.7572795215356,49.55003714915516,101.17176426629646
688235.SH,2026-06-24,230.0,240.6,227.19,236.79,65570.43,1546442.703,3.8553,56.9512044303851,223.5888736639826,227.13778061552043,-3.548906951537816,-6.123638231706121,2.5747312801683044,222.916,242.94953728126376,202.88246271873624,0.17974068511245278,89.14220575662581,74.218921599899,57.77299863273644,107.11076753422414
688235.SH,2026-06-25,233.99,242.98,229.5,242.71,60926.09,1440609.022,2.5001,60.432927466593725,226.53058540798528,228.2912783477041,-1.7606929397188082,-5.251049173308658,3.49035623358985,223.08249999999998,243.7072316346125,202.45776836538747,0.1849067643998298,99.26027397260279,82.56603905746692,66.03734544097993,115.6234262904409
688235.SH,2026-06-26,242.74,243.98,232.1,232.1,45678.37,1078842.152,-4.3715,52.27295606429594,227.38741842214142,228.57340587750377,-1.1859874553623513,-4.438036829719397,3.2520493743570453,223.025,243.54215818527962,202.5078418147204,0.1839897606571426,64.51612903225806,76.5494023823973,69.54136442145239,90.56547830428713
688235.SH,2026-06-29,231.85,258.93,227.75,255.9,95852.2,2370639.856,10.2542,64.01171963737103,231.77396943411966,230.5975980347257,1.1763713993939575,-3.3151551838967257,4.491526583290684,223.625,247.04537104744045,200.20462895255955,0.2094611161313847,93.74354738798264,82.28078405092575,73.78783763127684,99.26667689022355
688235.SH,2026-06-30,257.92,258.9,251.02,254.61,65301.36,1658828.452,-0.5041,63.10572831223066,235.28720490579354,232.37629447659788,2.910910429195667,-2.069942061278247,4.980852490473914,224.62449999999998,251.31445726860176,197.9345427313982,0.23764066046759616,91.07990914722282,85.21382574969144,77.59650033741504,100.44847657424424
688235.SH,2026-07-01,253.53,262.12,239.08,261.8,99474.65,2515475.137,2.8239,65.99464931514484,239.3660964587484,234.5558282190721,4.810268239676276,-0.6939000010873424,5.504168240763619,226.67350000000002,257.8033720042308,195.5436279957692,0.27466706080976205,99.37193326790972,89.93319492243087,81.70873186575365,106.38212103578533
688235.SH,2026-07-02,260.8,268.88,252.43,253.56,81216.0,2095820.934,-3.1474,60.17892080438814,241.54977392663324,235.963544647289,5.586229279344224,0.5621258549989708,5.0241034243452525,228.231,261.4018757195193,195.0601242804807,0.2906780912279165,73.01391580059892,84.29343521515355,82.57029964888694,87.73970634768676
688235.SH,2026-07-03,259.0,268.7,255.61,266.96,86061.23,2263912.379,5.2847,65.50294149369331,245.45903947638197,238.25957837711945,7.199461099262521,1.889592903851681,5.30986819541084,230.38000000000002,267.5042115067755,193.25578849322457,0.32228675672172463,95.55658412404532,88.04781818478415,84.39613916085267,95.3511762326471
